ID,SMILES,ION_ACTIVITY,PvsP,TEST_SET
OSM-S-175,O=C(NC1=CC=NC(C(F)(F)F)=C1)C2=CN=CC3=NN=C(C4=CC=C(OC(F)F)C=C4)N32,1,"0,3475",B
OSM-S-176,c1ncc2n(c1C(NCc1cc(ccc1)Cl)=O)c(nn2)c1ccc(cc1)OC(F)F,,"0,25",
OSM-S-177,O=C(N1CC(C=CC=C2)=C2C1)C3=CN=CC4=NN=C(C5=CC=C(OC(F)F)C=C5)N43,0,10,A
OSM-S-178,c1ncc2n(c1C(NCc1ccc(cc1)Cl)=O)c(nn2)c1ccc(cc1)OC(F)F,,"1,34",
OSM-S-179,c1ncc2n(c1C(NCC1CCOCC1)=O)c(nn2)c1ccc(cc1)OC(F)F,,10,
OSM-S-180,c1ncc2n(c1C(N1CCN(CC1)c1ncccc1)=O)c(nn2)c1ccc(cc1)OC(F)F,,10,
OSM-S-181,c1ncc2n(c1C(NCCN1CCOCC1)=O)c(nn2)c1ccc(cc1)OC(F)F,,10,
OSM-S-182,c1ncc2n(c1C(N1CCCC1)=O)c(nn2)c1ccc(cc1)OC(F)F,,10,
OSM-S-183,c1ncc2n(c1C(N1C(CCC1)c1ccccc1)=O)c(nn2)c1ccc(cc1)OC(F)F,,"3,56",
OSM-S-184,c1ncc2n(c1C(N1CCN(CC1)S(=O)(C)=O)=O)c(nn2)c1ccc(cc1)OC(F)F,,10,
OSM-S-185,c1ncc2n(c1C(N1CCOCC1)=O)c(nn2)c1ccc(cc1)OC(F)F,,10,
OSM-S-186,c1ncc2n(c1C(=O)N[C@@H](c1ccccc1)C)c(nn2)c1ccc(cc1)OC(F)F,,"1,36",
OSM-S-187,N#CC(C=C1)=CC=C1C2=NN=C3C=NC=C(OCCC4=CC=CC=C4)N32,,"0,534",
OSM-S-188,N#CC(C=C1)=CC=C1C2=NN=C3C=NC=C(SCCC4=CC=CC=C4)N32,,,
OSM-S-189,N#CC(C=C1)=CC=C1C2=NN=C3C=NC=C(OCCC4=CC=CC=C4Cl)N32,,"0,309",
OSM-S-190,N#CC(C=C1)=CC=C1C2=NN=C3C=NC=C(NCCC4=CC(Cl)=CC=C4)N32,,,
OSM-S-191,ClC(C=C1)=CC=C1C2=NN=C3C=NC=C(NCCC4=CC(Cl)=CC=C4)N32,,,
OSM-S-201,O=C(NC1=C(C)C(Cl)=CC=C1)C2=CN=CC(N23)=NN=C3C4=CC=C(OC(F)F)C=C4,0,"4,5956",B
OSM-S-202,c1ncc2n(c1C(Nc1cccc(c1)Cl)=O)c(nn2)c1ccc(cc1)OC(F)F,1,"0,211",A
OSM-S-204,O=C(NC1=C(F)C(Cl)=CC=C1)C2=CN=CC(N23)=NN=C3C4=CC=C(OC(F)F)C=C4,0.5,"0,9018",B
OSM-S-206,FC(F)OC(C=C1)=CC=C1C2=NN=C3C=NC=C(C(NC4=CC(C(F)(F)F)=CC(C(F)(F)F)=C4)=O)N32,,"0,309",
OSM-S-207,FC(F)OC(C=C1)=CC=C1C2=NN=C3C=NC=C(C(N4CC(C(F)=CC=C5)=C5C4)=O)N32,,,
OSM-S-208,FC1=C(F)C=CC(C(OC)COC2=CN=CC3=NN=C(C4=CC=C(C#N)C=C4)N32)=C1,,"0,207",
OSM-S-218,FC1=C(F)C=CC(C(OC)COC2=CN=CC3=NN=C(C4=CC=C(C#N)C=C4)N32)=C1,1,"0,1105",B
OSM-S-219,ClC1=CN=CC2=NN=C(C3=CC=C(C#N)C=C3)N21,,,
OSM-S-220,ClC1=CN=CC2=NN=C(C3=CC=C(Cl)C=C3)N21,,,
OSM-S-254,O=C(NC1=CC(Cl)=CC=C1C)C2=CN=CC(N23)=NN=C3C4=CC=C(OC(F)F)C=C4,0.5,"0,7744",B
OSM-S-255,O=C(NC1=C(C)C(Cl)=CC=C1)C2=CN=CC(N23)=NN=C3C4=CC=C(OC)C=C4,,10,
OSM-S-256,O=C(NC1=C(F)C(Cl)=CC=C1)C2=CN=CC(N23)=NN=C3C4=CC=C(OC)C=C4,,"5,66",
OSM-S-257,O=C(NC1=CC(Cl)=CC=C1C)C2=CN=CC(N23)=NN=C3C4=CC=C(OC)C=C4,,"1,06",
OSM-S-258,ClC1=CC=CC=C1CCOC2=CN=CC3=NN=C(C4=CC=NC=C4)N32,,10,
OSM-S-259,ClC(C=C1)=CC=C1C2=NN=C3C=NC=C(OCC4=CC=C(F)C(F)=C4)N32,,"0,452",
OSM-S-260,FC1=C(F)C=CC(CCOC2=CN=CC3=NN=C(C4=CC=C(OC(F)F)C=C4)N32)=C1,,"0,281",
OSM-S-262,O=C(NC1=CC(Cl)=CC=C1)C2=CN=CC(N23)=NN=C3C4=NC=CC=C4,,10,
OSM-S-263,O=C(NC1=CC(Cl)=CC=C1)C2=CN=CC(N23)=NN=C3C4=CN=CC=C4,,10,
OSM-S-265,N#CC(C=C1)=CC=C1C2=NN=C3N2C(OCC(OC)C4=CC=CC=C4)=CN=C3,,"0,285",
OSM-S-271,O=C(NC1=CC(Cl)=CC=C1)C2=CN=CC(N23)=NN=C3C4=CC=C(OC(F)(F)F)C=C4,,,
OSM-S-272,FC1=C(F)C=CC(CCOC2=CN=CC3=NN=C(C4=CC=C(Cl)C=C4)N32)=C1,1,"0,1078",B
OSM-S-273,c1ncc2n(c1OCCc1cc(c(cc1)F)F)c(cn2)c1ccc(cc1)Cl,,"0,11",
OSM-S-274,c1ncc2cnc(n2c1OCCc1cc(c(cc1)F)F)c1ccc(cc1)Cl,,"0,83",
OSM-S-275,OC(COc2cncc3nnc(C1CCCCC1)n23)c4ccccc4,,5,
OSM-S-276,OC(COc1cncc2nnc(CC)n12)c3ccccc3,,10,
OSM-S-277,OC(COc2cncc3nnc(c1ccccc1)n23)c4ccccc4,,5,
OSM-S-278,OC(C1=CC=CC=C1)COC2=CN=CC3=NN=C(C4=CN=C(C(F)(F)F)C=C4)N32,0.5,"4,2154",B
OSM-S-279,OC(C1=CC=CC=C1)COC2=CN=CC3=NN=C(C4=CC=C(OC(F)F)C=C4)N32,1,"0,314275",B
OSM-S-280,FC(F)Oc1ccc(cc1)c2nnc3cncc(OC)n23,,10,
OSM-S-281,FC(F)OC(C=C1)=CC=C1C2=NN=C3C=NC=C(OC[C@H](NC)C4=CC=CC=C4)N32,,10,
OSM-S-283,FC(F)Oc1ccc(cc1)c3nnc4cncc(OCC(N)c2ccccc2)n34,,2,
OSM-S-291,ClC(C=CC=C1)=C1C2=NN=C3N2C(OCCC4=CC=CC=C4)=CN=C3,,5,
OSM-S-292,ClC1=CC=CC(C2=NN=C3N2C(OCCC4=CC=CC=C4)=CN=C3)=C1,,"2,5",
OSM-S-293,ClC(C=C1)=CC=C1C2=NN=C3N2C(OCCC4=CC=CC=C4)=CN=C3,1,"0,13",B
OSM-S-294,C12=NN=C(C3=CC=CC=C3)N1C(OCCC4=CC=CC=C4)=CN=C2,,"1,599",
OSM-S-295,FC1=CC(C2=NN=C3N2C(OCCC4=CC=CC=C4)=CN=C3)=CC(F)=C1,,5,
OSM-S-296,C12=NN=C(C3=CC(OCO4)=C4C=C3)N1C(OCCC5=CC=CC=C5)=CN=C2,,"1,014",
OSM-S-297,C12=NN=C(C3=CC(C=CC=C4)=C4C=C3)N1C(OCCC5=CC=CC=C5)=CN=C2,,"0,415",
OSM-S-298,FC1=CC(C2=NN=C3N2C(OCC4=NC=CC=C4)=CN=C3)=CC(F)=C1,,10,
OSM-S-299,C12=NN=C(C3=CC(OCO4)=C4C=C3)N1C(OCC5=NC=CC=C5)=CN=C2,,10,
OSM-S-300,C12=NN=C(C3=CC(C=CC=C4)=C4C=C3)N1C(OCC5=NC=CC=C5)=CN=C2,,10,
OSM-S-301,FC(OC(C=C1)=CC=C1C2=NN=C3N2C(OCC4=NC=CC=C4)=CN=C3)F,,5,
OSM-S-302,ClC1=CN=CC(NN)=N1,,,
OSM-S-303,ClC1=CN=CC(N/N=C/C2=CC=C(C#N)C=C2)=N1,,,
OSM-S-304,ClC1=CN=CC(N/N=C/C2=CC=C(OC(F)(F)F)C=C2)=N1,,,
OSM-S-305,ClC1=CN=CC(N/N=C/C2=CC=C(OC(F)F)C=C2)=N1,,,
OSM-S-306,ClC1=CN=CC(N/N=C/C2=CC=CC=C2)=N1,,,
OSM-S-307,ClC1=CN=CC(N/N=C/C2=C(Cl)C=CC=C2)=N1,,,
OSM-S-308,ClC1=CN=CC(N/N=C/C2=CC(Cl)=CC=C2)=N1,,,
OSM-S-309,ClC1=CN=CC(N/N=C/C2=CC=C(Cl)C=C2)=N1,,,
OSM-S-310,ClC1=CN=CC(N/N=C/C2=CC(F)=CC(F)=C2)=N1,,,
OSM-S-311,ClC1=CN=CC(N/N=C/C2=CC=C(OCO3)C3=C2)=N1,,,
OSM-S-312,ClC1=CN=CC(N/N=C/C2=CC=C(C=CC=C3)C3=C2)=N1,,,
OSM-S-313,ClC1=CN=CC(N/N=C/C2=CC=C(C(F)(F)F)N=C2)=N1,,,
OSM-S-314,ClC1=CN=CC(N/N=C/C2CCCN(C2)C(OC(C)(C)C)=O)=N1,,,
OSM-S-315,ClC1=CN=CC(N/N=C/C2CCCCC2)=N1,,,
OSM-S-316,ClC1=CN=CC(N/N=C/CC)=N1,,,
OSM-S-317,ClC1=CN=CC2=NN=C(C3=CC=C(OC(F)(F)F)C=C3)N21,,,
OSM-S-318,ClC1=NC(N/N=C/C2=CC=NC=C2)=CN=C1,,,
OSM-S-319,ClC(N12)=CN=CC1=NN=C2C3=CC(F)=CC(F)=C3,,,
OSM-S-320,ClC(N12)=CN=CC1=NN=C2C3=CN=C(C(F)(F)F)C=C3,,,
OSM-S-321,ClC(N12)=CN=CC1=NN=C2C3CCCCC3,,,
OSM-S-323,ClC(N12)=CN=CC1=NN=C2C3CCCN(C3)C(OC(C)(C)C)=O,,,
OSM-S-325,ClC(N12)=CN=CC1=NN=C2C3=CC=CC=C3,,,
OSM-S-326,ClC(N12)=CN=CC1=NN=C2C3=CC(C=CC=C4)=C4C=C3,,,
OSM-S-327,ClC(N12)=CN=CC1=NN=C2C3=CC(OCO4)=C4C=C3,,,
OSM-S-329,FC1=C(F)C=C(C(C(O)=O)O)C=C1,,,
OSM-S-330,FC1=C(F)C=C(C(C(OC)=O)OC)C=C1,,,
OSM-S-331,FC1=C(F)C=C(C(CO)OC)C=C1,,,
OSM-S-332,ClC1=CN=CC2=NN=C(C3=CC=NC=C3)N21,,,
OSM-S-333,ClC(N12)=CN=CC1=NN=C2C3=CC(Cl)=CC=C3,,,
OSM-S-334,ClC(N12)=CN=CC1=NN=C2C3=C(Cl)C=CC=C3,,,
OSM-S-335,O=C(OCC)C(CO)C1=CC=CC=C1,,,
OSM-S-336,OC(C(OC)=O)C1=CC=CC=C1,,,
OSM-S-337,O=C(OC)C(OC)C1=CC=CC=C1,,,
OSM-S-338,OCC(OC)C1=CC=CC=C1,,,
OSM-S-339,O=C(OC)C(OC1OCCCC1)C2=CC=CC=C2,,,
OSM-S-340,OCC(OC1OCCCC1)C2=CC=CC=C2,,,
OSM-S-341,N[C@@H](CO)C1=CC=CC=C1,,,
OSM-S-342,O=C(O)[C@H](NC(O)=O)C1=CC=CC=C1,,,
OSM-S-343,OC[C@H](NC)C1=CC=CC=C1,,,
OSM-S-344,OC[C@H](N(C)C)C1=CC=CC=C1,,,
OSM-S-345,O=C(OCC)C(C1=CC=CC=C1)COC2=CN=CC3=NN=C(C4=CC=C(OC(F)F)C=C4)N32,,,
OSM-S-346,FC(F)OC(C=C1)=CC=C1C2=NN=C3C=NC=C(OC(C)C4=CC=C(Cl)C(Cl)=C4)N32,,"0,702",
OSM-S-347,FC(F)OC(C=C1)=CC=C1C2=NN=C3C=NC=C(OCC4=CC=C(Cl)C(Cl)=C4)N32,,"0,529",
OSM-S-348,FC(F)OC(C=C1)=CC=C1C2=NN=C3C=NC=C(OCC4=CC=C(Cl)C=C4)N32,,"1,636", 
OSM-S-349,FC(C=C1)=C(F)C=C1C2=NN=C3C=NC=C(OCCC4=CC=CC=C4)N32,,"0,582",
OSM-S-350,ClC(C=C1)=C(Cl)C=C1C2=NN=C3C=NC=C(OCCC4=CC=CC=C4)N32,,"0,709",
OSM-S-351,ClC1=CC=CC(C2=NN=C3C=NC=C(OCCC4=CC=CC=C4)N32)=C1Cl,,"0,259",
OSM-S-352,FC(C=C1)=CC=C1C2=NN=C3C=NC=C(OCCC4=CC=CC=C4)N32,,"0,366",
OSM-S-353,FC(F)OC(C=C1)=CC=C1C2=NN=C3C=NC=C(OCC(C4=CC=CC=C4)CO)N32,1,"0,1137",B
OSM-S-354,OC(C)(C)COC1=CN=CC2=NN=C(C3=CC=C(OC(F)(F)F)C=C3)N21,,,
OSM-S-355,FC(F)OC(C=C1)=CC=C1C2=NN=C3C=NC=C(OCC(C4=CC=CC=C4)CN)N32,,,
OSM-S-356,OC(C1=CC=CC=C1)COC2=CN=CC3=NN=C(C4=NC=CC=C4)N32,,,
OSM-S-357,FC(F)OC(C=C1)=CC=C1C2=NN=C3C=NC=C(OCC(C)(C)OC)N32,,,
OSM-S-358,FC(F)OC(C=C1)=CC=C1C2=NN=C3C=NC=C(OCC(C4=CC=CC=C4)N(C)C)N32,,,
OSM-S-359,FC(F)OC(C=C1)=CC=C1C2=NN=C3C=NC=C(SCC4=CC=CC=C4)N32,,,
OSM-S-360,FC(F)OC(C=C1)=CC=C1C2=NN=C3C=NC=C(S(CC4=CC=CC=C4)=O)N32,,,
OSM-S-361,FC(F)OC(C=C1)=CC=C1C2=NN=C3C=NC=C(S(CC4=CC=CC=C4)(=O)=O)N32,,,
OSM-S-362,FC(F)OC(C=C1)=CC=C1C2=NN=C3C=NC=C(N4N=NC(C5=CC=CC=C5)=C4)N32,,,
OSM-S-363,FC(F)OC(C=C1)=CC=C1C2=NN=C3C=NC=C(SCCC4=CC=CC=C4)N32,0,10,C
OSM-S-364,FC(F)OC(C=C1)=CC=C1C2=NN=C3C=NC=C(S(CCC4=CC=CC=C4)=O)N32,0,10,C
OSM-S-365,FC(F)OC(C=C1)=CC=C1C2=NN=C3C=NC=C(S(CCC4=CC=CC=C4)(=O)=O)N32,,,C
OSM-S-366,C(COc1cncc2n1c(nn2)c1cnc(cc1)C(F)(F)F)c1cc(c(cc1)F)F,0,"0,4349",B
OSM-S-367,O=C(NC1=CC=C(Cl)C=C1)C2=CN=CC3=NN=C(C4=CC=C(OC(F)F)C=C4)N32,0,"8,1938",B
OSM-S-368,FC(F)OC(C=C1)=CC=C1C2=NN=C3C=NC=C(OCC4=CC=CC=C4)N32,0.5,"2,239",C
OSM-S-369,FC(F)OC(C=C1)=CC=C1C2=NN=C3C=NC=C(OCCC4=CC=CC=C4)N32,1,"0,251",C
OSM-S-370,FC(F)OC(C=C1)=CC=C1C2=NN=C3C=NC=C(OCCCC45C6C7C4C8C5C6C87)N32,1,"1,995",C
OSM-S-371,FC(F)OC(C=C1)=CC=C1C2=NN=C3C=NC=C(OCCC4(C56)C7C6C8C5C4C87)N32,1,"0,372",C
OSM-S-372,FC(F)OC(C=C1)=CC=C1C2=NN=C3C=NC=C(OCC4=CN(CC5=CC=CC=C5)N=N4)N32,0,10,C
OSM-S-373,FC(F)OC(C=C1)=CC=C1C2=NN=C3C=NC=C(OCC(N=N4)=CN4C5=CC=CC=C5)N32,0,10,C
OSM-S-374,FC(F)OC(C=C1)=CC=C1C2=NN=C3C=NC=C(OCC4=CN(C5=NC(Cl)=CN=C5)N=N4)N32,0,10,C
OSM-S-375,IC12C(C3C1C4C52)C5C34C6=NN=C7C=NC=C(OCCC8=CC(F)=C(F)C=C8)N76,0,10,C
OSM-S-376,OC(C1=CC(F)=C(F)C=C1)COC2=CN=CC3=NN=C(C4=CC=C(C#N)C=C4)N32,1,"0,5767",B
OSM-S-377,FC(C=C1)=C(F)C=C1[C@@H](OC(F)F)COC2=CN=CC3=NN=C(C4=CC=C(C#N)C=C4)N32,,"0,01668",B
OSM-S-378,FC1=C(F)C=CC(C(N(C)C)COC2=CN=CC3=NN=C(C4=CC=C(C#N)C=C4)N32)=C1,1,10,B
OSM-S-379,FC(C(Cl)=C1)=CC=C1NC(C2=CN=CC3=NN=C(C4=CC=C(OC(F)F)C=C4)N32)=O,1,"0,3292",B
OSM-S-380,FC(OC(C=C1)=CC=C1C2=NN=C3C=NC=C(CN4CC(C=CC=C5)=C5C4)N32)F,1,"0,11",B
OSM-S-381,c1ncc2n(c1OCC(c1cc(c(cc1)F)F)CO)c(nn2)c1ccc(cc1)OC(F)F,,"0,02432",B
OSM-S-382,IC12C3C4C5(C3C1C5C24)C6=NN=C7C=NC=C(C(NC8=CC(C(F)(F)F)=NC=C8)=O)N76,0,10,C
OSM-S-383,FC(F)OC(C=C1)=CC=C1C2=NN=C3C=NC=C(OCCC4=CC(OC)=CC=C4)N32,1,"0,135",C
OSM-S-384,FC(F)OC(C=C1)=CC=C1C2=NN=C3C=NC=C(OCCC4=CC=C(OC)C=C4)N32,1,"0,928",C
OSM-S-385,FC(F)OC(C=C1)=CC=C1C2=NN=C3C=NC=C(OC(C)C4=CC=C(F)C(F)=C4)N32,1,"8,586",C
OSM-S-386,FC(F)OC(C=C1)=CC=C1C2=NN=C3C=NC=C(OC(C)C4=CC=C(C#N)C=C4)N32,0,"4,801",C
OSM-S-387,FC(C=C1)=C(F)C=C1CCOC2=CN=CC3=NN=CN32,0,10,C
OSM-S-388,OC1=CN=CC2=NN=C(N3CCCCC3)N21,0,10,C
OSM-S-389,FC1=C(C=CC(C(COC2=CN=CC3=NN=C(N32)C4=CC=C(OC(F)F)C=C4)N(C)C)=C1)F,1,"0,1408",B
OSM-S-390,FC(OC1=CC=C(C2=NN=C3C=NC=C(N32)OCC(C4=CC(F)=C(C=C4)F)O)C=C1)F,1,"0,074",B
OSM-W-1,ClC(C=C1)=CC=C1C2=NN=C3C=NC=C(N=[N+]=[N-])N32,,,
OSM-W-3,FC(C(F)=C1)=CC=C1CCOC2=CN=CC3=NN=C(C4=CC=C(S(C)(=O)=O)C=C4)N32,,,
OSM-W-4,[H]N(C1=NN=C(C2=CC=CC=C2)S1)C3=NC(OCCC4=CC=C(F)C=C4)=CN=C3,,,
JS 10-1,ClC1=CC=CC(N/N=C/C2=CC=C(C#N)C=C2)=N1,,50,
JS 11-1,ClC1=CC=CC2=NN=C(C3=CC=C(C#N)C=C3)N21,,50,
JS 12-1,ClC1=CC=CC(C(NC2=CC(C(F)(F)F)=NC=C2)=O)=N1,,50,
JS 15-1,O=C(NC1=CC=NC(C(F)(F)F)=C1)C2=CC=CC(N/N=C/C3=CC=C(C#N)C=C3)=N2,,50,
JS 16-1,O=C(NC1=CC=NC(C(F)(F)F)=C1)C2=CC=CC3=NN=C(C4=CC=C(C#N)C=C4)N32,,50,
JS 19-1,ClC(C=CC=C1)=C1CCOC2=CC=CC3=NN=C(C4=CC=C(C#N)C=C4)N32,,"5,2",
JS 20-1,N#CC(C=C1)=CC=C1C2=NN=C3C=CC=C(OCCC4=CC=CC=C4)N32,,"6,8",
JS 21-1,FC(C(F)=C1)=CC=C1CCOC2=CC=CC3=NN=C(C4=CC=C(C#N)C=C4)N32,,"3,5",
MMV670763,[C@H](COc1cncc2n1c(nn2)c1ccc(cc1)OC(F)F)(c1cc(c(cc1)F)F)NC,,10,
MMV671933,[C@H]1([C@@H](N(C1)C1CC1)c1cc(c(cc1)F)F)Oc1cncc2n1c(nn2)c1ccc(cc1)OC(F)F,,"0,6095",
MMV671934,[C@H]1([C@@H](N(C1=O)C1CC1)c1cc(c(cc1)F)F)Oc1cncc2n1c(nn2)c1ccc(cc1)OC(F)F,,"1,121",
MMV672689,[C@H]1([C@H](N(C1)C1CC1)c1ccc(c(c1)F)F)Oc1cncc2nnc(n12)c1ccc(cc1)OC(F)F,,"0,7308",
MMV672619,[C@H]1(C(N([C@@H]1c1cc(c(cc1)F)F)C1CC1)=O)Oc1ncc2n(c1)c(nn2)c1ccc(cc1)OC(F)F,,10,
MMV672727,C(COc1cncc2n1c(nn2)c1ccc(cc1)OC(F)F)(c1ccc(c(c1)F)F)(F)C,,"0,1228",
MMV672723,C(COc1cncc2n1c(nn2)c1ccc(cc1)OC(F)F)(c1ccc(c(c1)F)F)(O)C,,"0,1012",
MMV672936,C(COc1cncc2n1c(nn2)c1ccc(cc1)OC(F)F)(c1ccc(c(c1)F)F)F,,"0,06536",
MMV669025,C=1\NC(c2n(/C1/OCCc1cc(c(cc1)F)F)c(nn2)c1ccc(cc1)OC(F)F)=O,,"4,13",
MMV669544,c1(C(NCc2cncc3n2c(nn3)c2ccc(cc2)OC(F)F)=O)cc(ccc1)Cl,,10,
MMV672626,C1(CC1)(C(Oc1cncc2n1c(nn2)c1ccc(cc1)OC(F)F)C(F)(F)F)c1ccc(c(c1)F)F,,10,
MMV672992,c1(ccc2n(n1)c(nn2)c1ccc(cc1)C#N)NCCc1cnccc1,,10,
MMV672942,c1(ccc2n(n1)c(nn2)c1ccc(cc1)OC(F)F)NCCc1ccc(cc1)F,,"0,5096",
MMV672939,c1(ccc2n(n1)c(nn2)c1ccc(cc1)OC(F)F)OCCc1cc(c(cc1)F)F,,"6,77899999999999",
MMV669304,c1(ccccc1)CCCc1cncc2n1c(nn2)c1ccc(cc1)OC(F)F,1,"0,28",A
MMV669310,c1(ccccc1)CCCC1CNCc2n1c(nn2)c1ccc(cc1)OC(F)F,,"8,76",
MMV669305,c1(CCN2CCOCC2)cncc2n1c(nn2)c1ccc(cc1)OC(F)F,,10,
MMV668956,C1(CN(C1)c1cc(c(cc1)F)F)Oc1cncc2n1c(nn2)c1ccc(cc1)OC(F)F,,"0,43",
MMV670438,C1(COC1)(COc1cncc2n1c(nn2)c1ccc(cc1)OC(F)F)c1cc(c(cc1)F)F,,"0,4833",
MMV672990,c1(ncc2n(c1)c(nn2)c1ccc(cc1)OC(F)F)NC(Cc1cccc(c1)Cl)=O,0,10,A
MMV671655,c1(ncc2n(c1)c(nn2)c1ccc(cc1)OC(F)F)Nc1ccc(c(c1)F)F,,10,
MMV670949,c1(ncc2n(c1)c(nn2)c1ccc(cc1)OC(F)F)NCc1cc(c(cc1)F)F,,10,
MMV671927,c1(ncc2n(c1)c(nn2)c1ccc(cc1)OC(F)F)NCCc1ccc(cc1)F,0,10,A
MMV671926,c1(ncc2n(c1)c(nn2)c1ccc(cc1)OC(F)F)Oc1ccc(c(c1)F)F,,"3,446",
MMV670946,c1(ncc2n(c1)c(nn2)c1ccc(cc1)OC(F)F)OCc1cc(c(cc1)F)F,,"0,5207",
MMV670945,c1(ncc2n(c1)c(nn2)c1ccc(cc1)OC(F)F)OCCc1cc(c(cc1)F)F,,"0,03382",
MMV668822,c1[n+](cc2n(c1OCCc1cc(c(cc1)F)F)c(nn2)c1ccc(cc1)OC(F)F)[O-],,"4,01",
MMV671677,c1c(c(c(cc1)C(F)(F)F)Cl)CNC(c1cncc2n1c(nn2)c1ccc(cc1)OC(F)F)=O,1,"0,309",A
MMV671676,c1c(c(ccc1Cl)Cl)CNC(c1cncc2n1c(nn2)c1ccc(cc1)OC(F)F)=O,,"0,3321",
MMV669543,c1c(ccc(c1F)F)CNC(c1cncc2n1c(nn2)c1ccc(cc1)OC(F)F)=O,,"0,28",
MMV672618,c1cc(cc2c1n(cc2)C)Oc1cncc2n1c(nn2)c1ccc(cc1)OC(F)F,,"1,983",
MMV668962,C1N(Cc2n(C1)c(nn2)c1ccc(cc1)OC(F)F)C(CN)=O,,10,
MMV669541,c1nc(c2n(c1OCCc1cc(c(cc1)F)F)c(nn2)c1ccc(cc1)OC(F)F)C,,"6,92",
MMV668823,c1nc(c2n(c1OCCc1cc(c(cc1)F)F)c(nn2)c1ccc(cc1)OC(F)F)Cl,,"0,16",
MMV669311,c1nc(c2n(c1OCCc1cc(c(cc1)F)F)c(nn2)c1ccc(cc1)OC(F)F)N,,10,
MMV669102,c1nc(c2n(c1OCCc1cc(c(cc1)F)F)c(nn2)c1ccc(cc1)OC(F)F)N(CC)CC,,"6,86",
MMV668960,C1NCc2n(C1)c(nn2)c1ccc(cc1)OC(F)F,,10,
MMV669105,c1ncc2n(c1C(=O)N(Cc1cc(ccc1)Cl)C)c(nn2)c1ccc(cc1)OC(F)F,,"1,06",
MMV669021,c1ncc2n(c1C(=O)N[C@H](c1ccccc1)C)c(nn2)c1ccc(cc1)OC(F)F,,"1,6",
MMV670768,c1ncc2n(c1C(=O)N1CCc3c1ccc(c3)F)c(nn2)c1ccc(cc1)OC(F)F,,10,
MMV671654,c1ncc2n(c1C(=O)Nc1ccc(cc1Cl)F)c(nn2)c1ccc(cc1)OC(F)F,,"5,576",
MMV672624,c1ncc2n(c1C(=O)NC1CCc3c1ccc(c3)Cl)c(nn2)c1ccc(cc1)OC(F)F,,"0,546799999999999",
MMV672625,c1ncc2n(c1C(=O)Nc1ccnc(c1)C(F)(F)F)c(nn2)c1c(nn(c1C)c1ccc(cc1)F)C,,10,
MMV669027,c1ncc2n(c1C(=O)NCCc1ccccc1)c(nn2)c1ccc(cc1)OC(F)F,,"3,17",
MMV669026,c1ncc2n(c1C(Nc1ncccc1)=O)c(nn2)c1ccc(cc1)OC(F)F,,10,
MMV669002,c1ncc2n(c1C(NCc1ccccc1Cl)=O)c(nn2)c1ccc(cc1)OC(F)F,,"0,38",
MMV670243,c1ncc2n(c1CCCc1cc(c(cc1)F)F)c(nn2)c1ccc(cc1)OC(F)F,,"0,32",
MMV669312,c1ncc2n(c1CCN1Cc3c(C1)cccc3)c(nn2)c1ccc(cc1)OC(F)F,,10,
MMV668824,c1ncc2n(c1CCO)c(nn2)c1ccc(cc1)OC(F)F,,10,
MMV668955,C1NCc2n(C1CCO)c(nn2)c1ccc(cc1)OC(F)F,,"8,36999999999999",
MMV669360,c1ncc2n(c1COCc1cc(c(cc1)F)F)c(nn2)c1ccc(cc1)OC(F)F,1,"0,36",A
MMV671652,c1ncc2n(c1N[C@H](c1cc(c(cc1)F)F)CO)c(nn2)c1ccc(cc1)OC(F)F,,"0,5697",
MMV668957,c1ncc2n(c1N1CCC(C1)c1ccccc1)c(nn2)c1ccc(cc1)OC(F)F,,2,
MMV671678,c1ncc2n(c1n1ccnc1Cc1cc(c(cc1)F)F)c(nn2)c1ccc(cc1)OC(F)F,,10,
MMV671653,c1ncc2n(c1n1ncc(c1)c1cc(c(cc1)F)F)c(nn2)c1ccc(cc1)OC(F)F,,"6,721",
MMV670934,c1ncc2n(c1Nc1ccc(c(c1)Cl)Cl)c(nn2)c1ccc(cc1)OC(F)F,,"9,63499999999999",
MMV671651,c1ncc2n(c1OC[C@@H](c1cc(c(cc1)F)F)N)c(nn2)c1ccc(cc1)OC(F)F,,"0,2785",
MMV671650,c1ncc2n(c1Oc1cc(c(cc1)Cl)C(F)(F)F)c(nn2)c1ccc(cc1)OC(F)F,,"0,597299999999999",
MMV670765,c1ncc2n(c1Oc1cc(c(cc1)Cl)Cl)c(nn2)c1ccc(cc1)OC(F)F,,"0,4551",
MMV672620,c1ncc2n(c1Oc1cc3c(cc1)ccc(n3)C(F)(F)F)c(nn2)c1ccc(cc1)OC(F)F,,"1,629",
MMV670659,c1ncc2n(c1Oc1cc3c(cc1)cccc3)c(nn2)c1ccc(cc1)OC(F)F,,"0,1147",
MMV671649,c1ncc2n(c1Oc1cc3c(cc1)CCCC3)c(nn2)c1ccc(cc1)OC(F)F,,"2,581",
MMV672989,c1ncc2n(c1Oc1cc3nc(ccc3cc1)OC)c(nn2)c1ccc(cc1)OC(F)F,,"1,67",
MMV671929,c1ncc2n(c1Oc1ccc(c(c1)Cl)Cl)c(nn2)c1c(n(nc1C)c1ccc(cc1)F)C,,10,
MMV671648,c1ncc2n(c1Oc1ccc(cc1)C(C)(C)C)c(nn2)c1ccc(cc1)OC(F)F,,"0,737999999999999",
MMV670764,c1ncc2n(c1Oc1ccc(cc1)C(F)(F)F)c(nn2)c1ccc(cc1)OC(F)F,,"0,382899999999999",
MMV669784,c1ncc2n(c1Oc1ccc(cc1)Cl)c(nn2)c1ccc(cc1)OC(F)F,,"2,96",
MMV671680,c1ncc2n(c1Oc1ccc(cc1)S(F)(F)(F)(F)F)c(nn2)c1ccc(cc1)OC(F)F,,"0,262699999999999",
MMV672622,c1ncc2n(c1Oc1ccc/3c(c1)OC(/C=C3/C)(C)C)c(nn2)c1ccc(cc1)OC(F)F,,"1,822",
MMV672940,c1ncc2n(c1Oc1ccc3c(c1)cc(c(c3)F)F)c(nn2)c1ccc(cc1)OC(F)F,,"0,8392",
MMV672941,c1ncc2n(c1Oc1ccc3c(c1)cc(cc3F)F)c(nn2)c1ccc(cc1)OC(F)F,,"0,1734",
MMV672730,c1ncc2n(c1Oc1ccc3c(c1)cnc(n3)C(F)(F)F)c(nn2)c1ccc(cc1)OC(F)F,,"2,02499999999999",
MMV672623,c1ncc2n(c1Oc1ccc3c(c1)n(nc3)C)c(nn2)c1ccc(cc1)OC(F)F,,10,
MMV672686,c1ncc2n(c1Oc1ccc3c(c1)nn(c3)C)c(nn2)c1ccc(cc1)OC(F)F,,"6,203",
MMV672621,c1ncc2n(c1Oc1ccc3c(c1)onc3C)c(nn2)c1ccc(cc1)OC(F)F,,"1,92799999999999",
MMV672937,c1ncc2n(c1Oc1ccc3c(c1)scc3)c(nn2)c1ccc(cc1)OC(F)F,,"0,5764",
MMV670935,c1ncc2n(c1Oc1cccc(c1)Cl)c(nn2)c1ccc(cc1)OC(F)F,,"3,066",
MMV672725,c1ncc2n(c1Oc1cccc(c1)Oc1ccccn1)c(nn2)c1ccc(cc1)OC(F)F,,"6,038",
MMV671647,c1ncc2n(c1OCC(c1cc(c(cc1)F)F)N1CCOCC1)c(nn2)c1ccc(cc1)OC(F)F,,"0,613299999999999",
MMV671679,c1ncc2n(c1OCC(F)(F)F)c(nn2)c1c(n(nc1C)c1ccc(cc1)F)C,,10,
MMV670762,c1ncc2n(c1OCC(F)(F)F)c(nn2)c1ccc(cc1)OC(F)F,0,10,A
MMV672726,c1ncc2n(c1OCC1CCc3c1ccc(c3)Cl)c(nn2)c1ccc(cc1)OC(F)F,,"1,459",
MMV668961,c1ncc2n(c1OCCc1cc(c(cc1)F)F)c(nn2)C1CCN(CC1)C(C)=O,,10,
MMV668959,c1ncc2n(c1OCCc1cc(c(cc1)F)F)c(nn2)C1CCOCC1,,10,
MMV669028,c1ncc2n(c1OCCc1cc(c(cc1)F)F)c(nn2)N1Cc2c(C1)cccc2,,"0,47",
MMV669009,c1ncc2n(c1OCCc1cc(c(cc1)F)F)c(nn2)N1CCCCC1,,"2,63",
MMV669006,c1ncc2n(c1OCCc1cc(c(cc1)F)F)c(nn2)Nc1cc(c(cc1)F)F,,"0,85",
MMV669850,c1ncc2nnc(n2c1C(Nc1ccc(c(c1)F)F)=O)c1ccc(cc1)OC(F)F,,"0,65",
MMV669849,c1ncc2nnc(n2c1C(Nc1ccc(cc1)F)=O)c1ccc(cc1)OC(F)F,,"3,74",
MMV672688,c1ncc2nnc(n2c1OCc1cccc2c1cccc2)c1ccc(cc1)OC(F)F,,"1,66799999999999",
MMV670249,c1ncc2nnc(n2c1OCCc1ccc(c(c1)F)F)N1CCc2c1ccc(c2)F,,"2,04999999999999",
MMV669103,N(c1cncc2n1c(nn2)c1ccc(cc1)OC(F)F)S(Cc1ccc(cc1)C(F)(F)F)(=O)=O,,10,
MMV669353,N1(CC(C1)c1ccccc1)c1cncc2n1c(nn2)c1ccc(cc1)OC(F)F,,10,
MMV669008,N1(CC(C1)Oc1cc(c(cc1)F)F)c1cncc2n1c(nn2)c1ccc(cc1)OC(F)F,,"4,96",
OSM-S-106,NS(=O)(=O)c1cccc(c1)c2cc3ncnc(N)c3s2,0,,A
OSM-S-139,BrC1=CC2=NC=NC(N)=C2S1,,,
OSM-S-140,BrC1=CC2=NC=NC(NN)=C2S1,,,
OSM-S-141,CN(C)C1=C2C(C=CS2)=NC=N1,,,
OSM-S-142,NC1=C2C(C=C(C3=CC(C(N4CCN(C)CC4)=O)=CC=C3)S2)=NC=N1,,,
OSM-S-143,ClC1=C2C(C=C(C3=CC(S(N)(=O)=O)=CC=C3)S2)=NC=N1,,,
OSM-S-145,NS(C1=CC=CC(C2=CC3=NC=NC(N(C)C)=C3S2)=C1)(=O)=O,,,
OSM-S-64,n1cnc3ccsc3c1N2CCOCC2,,,
OSM-S-65,Oc1ncnc2cc(I)sc12,,,
OSM-S-66,C1(CSC2=NNC=N2)=CC=CC=C1,,,
OSM-S-67,O=C(N(C)C)N(C=N1)N=C1SCC2=CC=CC=C2,,,
OSM-S-69,O=CNc1ccsc1C(=O)OC,,,
OSM-S-70,Clc1ncnc2ccsc12,,,
TF 16-1,NC1=C2C(C=C(C3CC=CC(S(=O)(N4CCCC4)=O)=C3)S2)=NC=N1,,,
TF 17-1,NC1=C2C(C=C(C3CC=CC(S(=O)(NC)=O)=C3)S2)=NC=N1,,,
TF 18-1,NC1=C2C(C=C(C3CC=CC(S(=O)(N(C)C)=O)=C3)S2)=NC=N1,,,
TF 3-1,NC1=C2C(C(C)=C(C3=CC=CC(S(=O)(N)=O)=C3)S2)=NC=N1,,,
TF 4-1,NC1=C2C(C(C)=C(C3C(C)C=CC(S(=O)(N)=O)=C3)S2)=NC=N1,,,
TF 7-1,OCCNC1=C2C(C=C(C3=CC=CC(S(=O)(N)=O)=C3)S2)=NC=N1,,,
TF 8-1,OCCCNC1=C2C(C=C(C3CC=CC(S(=O)(N)=O)=C3)S2)=NC=N1,,,
OSM-S-56,O=S(N(C)C1=CC=C(Cl)C=C1)(C2=NN(C(N(C)C)=O)C=N2)=O,,,
OSM-A-1,O=C(/C(S/1)=C/C2=C(C)N(C(C)=C2)C3=CC=C(S(=O)(N)=O)C=C3)NC1=N\C4=CC=CC=C4,,"3,7145",
OSM-A-10,O=C([H])C1=C(C)N(C(C)=C1)C2=CC(OC)=CC=C2,,,
OSM-A-11,IC1=CC=C(N2C(C)=CC=C2C)C=C1,,,
OSM-A-12,IC1=CC=C(N2C(C)=CC(C([H])=O)=C2C)C=C1,,,
OSM-A-2,O=C(/C(S/1)=C/C2=C(C)N(C(C)=C2)C3=CC=C(C#N)C=C3)NC1=N\C4=CC=CC=C4,,"1,2015",
OSM-A-3,O=C(/C(S/1)=C/C2=C(C)N(C(C)=C2)C3=CC(OC)=CC=C3)NC1=N\C4=CC=CC=C4,,"0,119",
OSM-A-4,O=C(/C(S/1)=C/C2=C(C)N(C(C)=C2)C3=CC=C(I)C=C3)NC1=N\C4=CC=CC=C4,,"2,4535",
OSM-A-5,CC1=CC=C(C)N1C2=CC=C(S(=O)(N)=O)C=C2,,,
OSM-A-6,O=C([H])C1=C(C)N(C(C)=C1)C2=CC=C(S(N)=O)C=C2,,,
OSM-A-7,CC1=CC=C(C)N1C2=CC=C(C#N)C=C2,,,
OSM-A-8,O=C([H])C1=C(C)N(C(C)=C1)C2=CC=C(C#N)C=C2,,,
OSM-A-9,CC1=CC=C(C)N1C2=CC(OC)=CC=C2,,,
OSM-E-1,FC1=CC=C(N2C(C)=CC(S(N(C)CC(N)=O)(=O)=O)=C2C)C=C1,,50,
OSM-E-10,FC1=CC=C(N2C(C)=CC(S(N(C)CC(OC)=O)(=O)=O)=C2C)C=C1,,,
OSM-E-11,FC1=CC=C(N2C(C)=CC(S(N([H])CC(OC)=O)(=O)=O)=C2C)C=C1,,,
OSM-E-12,FC1=CC=C(N2C(C)=CC(S([O-])(=O)=O)=C2C)C=C1.[H][N+]3=CC=CC=C3,,,
OSM-E-13,FC1=CC=C(N2C(C)=C(S(N(CC(OC)=O)C)(=O)=O)C(S(N(C)CC(OC)=O)(=O)=O)=C2C)C=C1,,,
OSM-E-14,O=C(OC)COCC#C,,,
OSM-E-2,FC1=CC=C(N2C(C)=CC(S(NCC(N)=O)(=O)=O)=C2C)C=C1,,50,
OSM-E-3,FC1=CC=C(N2C(C)=C(S(N(CC(N)=O)C)(=O)=O)C(S(N(C)CC(N)=O)(=O)=O)=C2C)C=C1,,50,
OSM-E-4,FC1=CC=C(N2N=NC(COC(CBr)=O)=C2)C=C1,,50,
OSM-E-5,FC1=CC=C(N2N=NC(COCC(OCC)=O)=C2)C=C1,,50,
OSM-E-6,FC1=CC=C(N2N=NC(COCC(OC)=O)=C2)C=C1,,50,
OSM-E-7,FC1=CC=C(N2N=NC(COCC(OCC3=CN(C4=CC=C(F)C=C4)N=N3)=O)=C2)C=C1,,50,
OSM-E-8,FC1=CC=C(N2N=NC(COCC(N)=O)=C2)C=C1,,50,
OSM-E-9,FC1=CC=C(N2C(C)=CC(S(Cl)(=O)=O)=C2C)C=C1,,,
OSM-L-1,CC(N1C2=CC(F)=CC=C2)=CC(/C=C(C(N/3C4=CC=CC=C4)=O)\SC3=N/C5=CC=CC=C5)=C1C,,"4,1",
OSM-L-2,O=C(OCC#N)C1=C(C)N(N=C1)C2=CC=CC=C2,,,
OSM-S-1,FC1=CC=C(N2C(C)=CC=C2C)C=C1,,,
OSM-S-10,FC1=CC=C(N2C(C)=CC(/C=C3S/C(NC\3=O)=N\C4=CC=CC=C4)=C2C)C=C1,,"0,1925",
OSM-S-100,FC1=CC=C(N2C(C)=CC(C(OC(C)C(O)=O)=O)=C2C)C=C1,,50,
OSM-S-101,FC1=CC=C(N2C(C)=CC(C3=NC(C(O)=O)=CO3)=C2C)C=C1,,50,
OSM-S-102,FC1=CC=C(N2C(C)=CC(C(CCC(NC)=O)=O)=C2C)C=C1,,50,
OSM-S-103,CC(N1C2=CC=C(F)C=C2)=C(C(CCC(N)=O)=O)C=C1C,,50,
OSM-S-104,FC1=CC=C(N2N=CC(C3=NC(C(O)=O)=CO3)=C2C)C=C1,,50,
OSM-S-105,FC1=CC=C(N2N=CC(C3=NC(C(N)=O)=CO3)=C2C)C=C1,,50,
OSM-S-108,O=C(/C(S/1)=C/C2=C(C)NC(C)=C2)NC1=N\C3=CC=CC=C3,,"1,2",
OSM-S-109,O=C(/C(S/1)=C/C2=C(C)N(C3=CC=C([N+]([O-])=O)C=C3)C(C)=C2)NC1=N\C4=CC=CC=C4,,"0,262",
OSM-S-11,FC1=CC=C(N2C(C)=C(CO)C=C2C)C=C1,,,
OSM-S-110,O=C(/C(S/1)=C/C2=C(C)N(C3=CC=C([N+]([O-])=O)C=C3)C(C)=C2)NC1=N\C4=CC(O)=CC=C4,,"2,3",
OSM-S-111,O=C(/C(S/1)=C/C2=C(C)N(C3=CC=C(OC)C=C3)C(C)=C2)NC1=N\C4=CC=CC=C4,0,"0,165666666666667",A
OSM-S-112,O=C(/C(S/1)=C/C2=C(C)N(C3=CC=C(OC)C=C3)C(C)=C2)NC1=N\C4=CC(O)=CC=C4,,"1,6",
OSM-S-113,O=C(/C(S/1)=C/C2=C(C)N(C3=CC=CC=N3)C(C)=C2)NC1=N\C4=CC=C(O)C=C4,,50,
OSM-S-114,O=C(/C(S/1)=C/C2=C(C)N(C3=CC=CC=C3)C(C)=C2)NC1=N\C4=CC(O)=CC=C4,,"1,2",
OSM-S-115,O=C(/C(S/1)=C/C2=C(C)N(C3=CC=CC=C3)C(C)=C2)NC1=N\C4=CC=C(O)C=C4,,"1,8",
OSM-S-116,CC(N1C2=CC=C(F)C=C2)=C(C(OC(C)C(N)=O)=O)C=C1C,,11,
OSM-S-12,CC(N1C2=CC=CC=C2)=CC(C(O)=O)=C1C,,50,
OSM-S-13,CC1=CC=C(N2C(C)=C(C(O)=O)C=C2C)C=C1,,50,
OSM-S-138,CC1=CC(/C=C(S/2)/C(NC2=N\C3=CC=CC=C3)=O)=C(C)N1C4=CC=C(N)C=C4,,"2,3",
OSM-S-14,CC(N1C2=CC=C(C(F)(F)F)C=C2)=CC(C(O)=O)=C1C,,50,
OSM-S-15,O=C(C1=CC=CC=C1)NCC(O)=O,,,
OSM-S-16,O=C(NC1=C(C)N(C)N(C2=CC=CC=C2)C1=O)CNC(C3=CC=CC=C3)=O,,50,
OSM-S-17,O=C(NC1=C(C)N(C)N(C2=CC=CC=C2)C1=O)CNC(OC(C)(C)C)=O,,,
OSM-S-18,NCC(NC1=C(C)N(C)N(C2=CC=CC=C2)C1=O)=O,,,
OSM-S-19,CC(N1C2=CC=C(F)C=C2)=CC(C(NCC(N)=O)=O)=C1C,,50,
OSM-S-192,OCC(NC1=C(C)N(C)N(C2=CC=CC=C2)C1=O)=O,,,
OSM-S-193,O=C1COC(C)(C)O1,,,
OSM-S-2,CC1=CC(C=O)=C(C)N1C1=CC=C(F)C=C1,,50,
OSM-S-20,FC1=CC=C(N2C(C)=CC(C(Cl)=O)=C2C)C=C1,,,
OSM-S-21,FC1=CC=C(N2C(C)=CC(C(NCC(NC3=C(C)N(C)N(C4=CC=CC=C4)C3=O)=O)=O)=C2C)C=C1,,50,
OSM-S-22,FC1=CC=C(N2C(C)=CC(C(N)=O)=C2C)C=C1,,,
OSM-S-23,CC1=C(C(OCC)=O)C=NN1C2=CC=CC=C2,,,
OSM-S-236,FC1=CC=C(N2C(C)=CC(COCC(N)=O)=C2C)C=C1,,,
OSM-S-24,CC1=C(C(O)=O)C=NN1C2=CC=CC=C2,,,
OSM-S-241,FC1=CC=C(N2N=CC(C(OCC)=O)=C2C)C=C1,,,
OSM-S-242,FC1=CC=C(N2N=CC(C(O)=O)=C2C)C=C1,,,
OSM-S-243,FC1=CC=C(N2N=CC(C(OCC)=O)=C2N)C=C1,,,
OSM-S-244,FC1=CC=C(N2N=CC(C(OCC)=O)=C2)C=C1,,,
OSM-S-245,FC1=CC=C(N2N=CC(C(O)=O)=C2)C=C1,,,
OSM-S-246,FC1=CC=C(N2C(C)=CC(C3=NC(C(N)=O)=CO3)=C2C)C=C1,,,
OSM-S-247,FC1=CC=C(N2C(C)=CC(C3=NC(C(OCC)=O)=CO3)=C2C)C=C1,,,
OSM-S-248,FC1=CC=C(N2C(C)=CC(C3=NC(C(N)=O)CO3)=C2C)C=C1,,,
OSM-S-249,FC1=CC=C(N2C(C)=CC(C(N(C(C(N)=O)CO)[H])=O)=C2C)C=C1,,,
OSM-S-25,CC1=CC=C(C)N1C2=CC=CC=C2,,,
OSM-S-250,FC1=CC=C(N2N=CC(C(N(C(C(OC)=O)CO)[H])=O)=C2C)C=C1,,,
OSM-S-251,FC1=CC=C(N2N=CC(C(N(C(C(N)=O)CO)[H])=O)=C2C)C=C1,,,
OSM-S-252,CC1=C(C(N(C(C(OC)=O)CO)[H])=O)C=NN1C2=CC=CC=C2,,,
OSM-S-253,O=C(OCC)C1=CN(C=C1)C2=CC=C(F)C=C2,,,
OSM-S-26,CC1=CC=C(C)N1C2=CC=C(C)C=C2,,,
OSM-S-266,FC1=CC=C(N2C(C)=CC(C(NN)=O)=C2C)C=C1,,,
OSM-S-267,FC1=CC=C(N2C(C)=CC(C(NNC(C)=O)=O)=C2C)C=C1,,,
OSM-S-268,FC1=CC=C(N2C(C)=CC(C(NNC(C(OC)=O)=O)=O)=C2C)C=C1,,,
OSM-S-269,FC1=CC=C(N2C(C)=CC(C3=NN=C(C(OC)=O)O3)=C2C)C=C1,,,
OSM-S-27,CC1=CC=C(C)N1C2=CC=C(C(F)(F)F)C=C2,,,
OSM-S-28,CC(N1C2=CC=CC=C2)=CC(C=O)=C1C,,50,
OSM-S-284,CN(CC(O)=N)CC1=CC=CC=C1,,,
OSM-S-285,[H]N(CC(N)=O)C,,,
OSM-S-286,OC(CS/1)=NC1=N\C2=CC=CC=C2,,,
OSM-S-287,CC1=CC=C(C)N1C2=CC=C([N+]([O-])=O)C=C2,,,
OSM-S-288,O=C([H])C1=C(C)N(C2=CC=C([N+]([O-])=O)C=C2)C(C)=C1,,,
OSM-S-289,CC1=CC=C(C)N1C2=CC=C(OC)C=C2,,,
OSM-S-29,CC1=CC=C(N2C(C)=C(C=O)C=C2C)C=C1,,50,
OSM-S-290,O=C([H])C1=C(C)N(C(C)=C1)C2=CC=C(OC)C=C2,,,
OSM-S-3,O=C(C1=C(C)N(C2=CC=C(F)C=C2)C(C)=C1)OCC,,50,
OSM-S-30,CCOC(C1=C(C)N(C2=CC=C(C=C2)C)C(C)=C1)=O,,50,
OSM-S-31,O=C(C1=C(C)N(C2=CC=CC=C2)C(C)=C1)OCC,,50,
OSM-S-32,O=C(C1=C(C)N(C2=CC=C(C(F)(F)F)C=C2)C(C)=C1)OCC,,50,
OSM-S-33,CC1=CC=C(C)N1C2=CC(C(F)(F)F)=CC(C(F)(F)F)=C2,,,
OSM-S-34,CC1=C(C=O)C=C(C)N1C2=CC=C(C(F)(F)F)C=C2,,,
OSM-S-35,CC1=C(/C=C2S/C(NC\2=O)=N\C3=CC=CC=C3)C=C(C)N1C4=CC=CC=C4,0,"0,025",A
OSM-S-36,CC1=C(C=O)C=C(C)N1C2=CC(C(F)(F)F)=CC(C(F)(F)F)=C2,,,
OSM-S-37 ,CC1=C(/C=C2S/C(NC\2=O)=N\C3=CC=CC=C3)C=C(C)N1C4=CC=C(C)C=C4,,"0,067",
OSM-S-38,CC1=CC(/C=C(C(N/2)=O)\SC2=N/C3=CC=CC=C3)=C(C)N1C(C=C4)=CC=C4C(F)(F)F,,"0,078666666666667",
OSM-S-39,CC1=C(/C=C2S/C(NC\2=O)=N\C3=CC=CC=C3)C=C(C)N1C4=CC(C(F)(F)F)=CC(C(F)(F)F)=C4,,"0,034",
OSM-S-4,CC(N1C2=CC=C(F)C=C2)=C(C(O)=O)C=C1C,0,50,A
OSM-S-40,CC1=CC=C(C)N1C2=CC=C(C(OCC)=O)C=C2,,,
OSM-S-41,CC1=CC=C(C)N1C2=CC=CC=N2,,,
OSM-S-42,CC(N1C2=CC=C(C(F)(F)F)C=C2)=C(/C=C(C(N/3CC#N)=O)\SC3=N/C4=CC=CC=C4)C=C1C,,50,
OSM-S-43,CC(N1C2=CC=C(C(F)(F)F)C=C2)=C(/C=C3SC(N(CC#N)C4=CC=CC=C4)=NC\3=O)C=C1C,,50,
OSM-S-44,CC1=C(C=O)C=C(C)N1C2=CC=CC=N2,,,
OSM-S-45,O=C(N=C(S/1)N(C(C)=O)C2=CC=CC=C2)C1=C\C3=C(C)N(C4=CC=C(C=C4)C(F)(F)F)C(C)=C3,,"0,015333333333333",
OSM-S-46,CC1=C(C=O)C=C(C)N1C2=CC=C(C(OCC)=O)C=C2,,,
OSM-S-47,O=C1CS/C(N1C2=CC=CC=C2)=N\C3=CC=CC=C3,,,
OSM-S-48,CCOC(C1=CC=C(N2C(C)=CC(/C=C(C(N/3)=O)\SC3=N/C4=CC=CC=C4)=C2C)C=C1)=O,,"0,258333333333333",
OSM-S-49,O=C(N=C(S/1)N(C2=CC=CC=C2)C(C)=O)C1=C\C3=C(C)N(C4=CC=CC=C4)C(C)=C3,,"0,058666666666667",
OSM-S-5,FC1=CC=C(N2C(C)=CC(C(OCC(N)=O)=O)=C2C)C=C1,0,"0,515",A
OSM-S-50,O=C(N=C(S/1)N(C2=CC=CC=C2)C(C)=O)C1=C\C3=C(C)N(C4=CC=C(C)C=C4)C(C)=C3,,"0,169",
OSM-S-51,CC1=C(/C=C2S/C(NC\2=O)=N\C3=CC=CC=C3)C=C(C)N1C4=NC=CC=C4,0,"0,277",A
OSM-S-52,CC(N1C2=CC=C(C(F)(F)F)C=C2)=CC(/C=C(C(N/3C4=CC=CC=C4)=O)\SC3=N/C5=CC=CC=C5)=C1C,,"0,303666666666667",
OSM-S-53,S=C(NC(C)=O)NC1=CC=CC=C1,,,
OSM-S-54,CC(N1C2=CC=C(C(F)(F)F)C=C2)=C(/C=C(C(N/3C4CCCC4)=O)\SC3=N/C5=CC=CC=C5)C=C1C,,"0,276666666666667",
OSM-S-55,O=C(N/C1=N/C2=CC=CC=C2)/C(S1)=C/C3=CC=CC=C3,,50,
OSM-S-57,O=C(OCC(N)=O)C1=C(C)N(N=C1)C2=CC=CC=C2,,50,
OSM-S-58,FC(C=C1)=CC=C1N2C(C)=C(CNCC(N)=O)C=C2C,,50,
OSM-S-59,FC(C=C1)=CC=C1N2C(C)=C(C(N(C)CC(N)=O)=O)C=C2C,,50,
OSM-S-6,CC(N1C2=CC=C(F)C=C2)=CC(C(OCC(NC(C3=O)=C(N(N3C4=CC=CC=C4)C)C)=O)=O)=C1C,,"0,28225",
OSM-S-60,FC(C=C1)=CC=C1N2C(C)=C(CN(C)CC(N)=O)C=C2C,,50,
OSM-S-61,FC(C=C1)=CC=C1N2C(C)=C(C(NC(CO)C(OC)=O)=O)C=C2C,,50,
OSM-S-62,FC(C=C1)=CC=C1N2C(C)=C(C3=NC(C(OC)=O)=CO3)C=C2C,,50,
OSM-S-63,FC(C=C1)=CC=C1N2C(C)=C(C(OC3)=NC3C(OC)=O)C=C2C,,,
OSM-S-68,FC(C=C1)=CC=C1N2C(C)=C(C(OC(C)(C)C(N)=O)=O)C=C2C,,50,
OSM-S-7,FC1=CC=C(N2C(C)=CC(C(N(C(NC3CCCCC3)=O)C4CCCCC4)=O)=C2C)C=C1,,50,
OSM-S-8,FC1=CC=C(N2C(C)=CC(C(NC3=C(C)N(C)N(C4=CC=CC=C4)C3=O)=O)=C2C)C=C1,,50,
OSM-S-81,CC1=CC(=C(C)[N]1C2=CC=CC=C2)C(=NCC(N(C)C)=O)O,,50,
OSM-S-82,CC1=CC(=C(C)[N]1C2=CC=C(C=C2)F)C(=O)OCC(=NC)O,,"9,4",
OSM-S-83,CC1=CC(=C(C)[N]1C2=CC=CC=C2)C(N3CCN=C(C3)O)=O,,50,
OSM-S-84,CC1=CC(=C(C)[N]1C2=CC=C(C=C2)Br)C(N(C)CC(=NC)O)=O,,50,
OSM-S-85,CC1=CC(=C(C)[N]1C2=CC=CC=C2)C3=NN=C(O3)SCC(=NC4=CC(=CC=C4)OC)O,,50,
OSM-S-86,CCN(CC(=NC1=C(C=CC=C1F)F)O)C(C2=C(C)[N](C(=C2)C)C3=CC=C(C=C3)F)=O,,50,
OSM-S-87,CC1=CC(=CC=C1)[N]2C(=CC(=C2C)C(N(C)CC(N=C3C=C(C)ON3)=O)=O)C,,50,
OSM-S-88,CC1=CC(=C(C)[N]1C2=CC=C(C=C2)Cl)CNC3CCN(CC3)CC(=NC)O,,"14,7",
OSM-S-89,CCN=C([C@@H]1C[C@H](CN1CC2=C(C)[N](C(=C2)C)C3=CC=CC=C3Cl)N)O,,"24,7",
OSM-S-9,FC1=CC=C(C=C1)N2C(C)=CC(/C=C(SC(N(C3=CC=CC=C3)C(C)=O)=N4)/C4=O)=C2C,,"0,04575",
OSM-S-90,CCC1=CC=C(C=C1)[N]2C(=CC(=C2C)CN3CCC(CC3)C(=O)O)C,,50,
OSM-S-91,CC1=CC(=C(C)[N]1C2=CC=C(C=C2)F)C(=O)OCC(N(C)C)=O,,"11,3",
OSM-S-92,FC(C=C1)=CC=C1N2C=C(C(OCC(N)=O)=O)C=N2,,50,
OSM-S-93,FC(C=C1)=CC=C1N2C(C)=C(C(N(C)C)=O)C=C2C,,50,
OSM-S-94,FC(C=C1)=CC=C1N2C(C)=C(CN3CCCC3)C=C2C,,50,
OSM-S-95,FC(C=C1)=CC=C1N2C(C)=CC(CNC3CCN(CC4=CC=CC=C4)CC3)=C2C,,"4,8",
OSM-S-96,FC1=CC=C(N2N=CC(C3=NC(C(OC)=O)=CO3)=C2C)C=C1,,50,
OSM-S-97,FC1=CC=C(N2C(C)=CC(C(CCC(O)=O)=O)=C2C)C=C1,,50,
OSM-S-98,FC1=CC=C(N2C(C)=CC(C(CCC(N(C)C)=O)=O)=C2C)C=C1,,50,
OSM-S-99,FC1=CC=C(N2C(C)=CC(C(OC(C)C(OCC)=O)=O)=C2C)C=C1,,50,
OSM-S-322,CCC1=NN=C2C=NC=C(N21)Cl,,,
OSM-S-324,ClC1=CN=CC2=NN=C(C3=CC=C(OC(F)F)C=C3)N21,,,
OSM-S-328,OC1=CN=CC2=NN=C(C3=CC=C(OC(F)F)C=C3)N21,,,
OSM-W-2,NC1=CN=CC2=NN=C(C3=CC=C(Cl)C=C3)N21,,,
OSM-S-194,C12=CC=CC=C1C3=C(C4(CCN(CC5=CC=CC=C5)CC4)OCC3)N2,,"1,033",
OSM-S-195,ClC1=C2C(C3(CCN(CC4=CC=CC=C4)CC3)OCC2)=CC=C1,,,
OSM-S-196,COC1=C(OC)C=C(C2(CCN(CC3=CC=CC=C3)CC2)OCC4)C4=C1,,,
OSM-S-197,C12=CC=CC=C1C3=C(C4(CCNCC4)OCC3)[N]2,,,
OSM-S-198,C1(C2(CCN(CC3=CC=CC=C3)CC2)OCC4)=C4C=CS1,,,
OSM-S-199,C1(C(C=CC=C2)=C2[N]3)=C3C4(CCN(CC5=CC=C(OCCO6)C6=C5)CC4)OCC1,,,
OSM-S-200,C12=CC=CC=C1C3=C(C4(CCN(CC5=CC=CC=C5)CC4)OCC3)S2,,,
OSM-S-209,C1(CCOC23CCN(CC4=CC=CC=C4)CC3)=C2C=CS1,,,
OSM-S-210,C1(CCOC23CCN(CC4=CC(OCCO5)=C5C=C4)CC3)=C2C=CS1,,,
OSM-S-211,C1(CCOC23CCN(CC4=CC(OCO5)=C5C=C4)CC3)=C2C=CS1,,,
OSM-S-212,ClC(C=C1)=CC=C1CN(CC2)CCC32C4=C(SC=C4)CCO3,,,
OSM-S-213,O=C(C1=CC=C(Br)C=C1)N(CC2)CCC32C4=C(SC=C4)CCO3,,,
OSM-S-214,CC1=C(C=C(C)N1C2=CC=C(F)C=C2)CN(CC3)CCC43C5=C(SC=C5)CCO4,,,
OSM-S-215,C1(CCOC23CCN(C4CCCCC4)CC3)=C2C=CS1,,,
OSM-S-216,O=C(C1=CC=CC=C1)N(CC2)CCC32C4=C(SC=C4)CCO3,,,
OSM-S-217,O=C(OCCCl)N(CC1)CCC21C3=C(SC=C3)CCO2,,,
MMV019066,COc1ccccc1CNC(=O)CCN2C(=O)Nc3ccsc3C2=O,0,"0,14",M
MMV665941,CN(C)c1ccc(cc1)C(O)(c2ccc(cc2)N(C)C)c3ccc(cc3)N(C)C,0,"0,255",M
MMV396680,c1(cc(c2ccc(C)cc2)n3)n3ccnc1SCC(=O)Nc(c(Cl)ccc4C(F)(F)F)c4,0,"0,0928",M
MMV666601,CCOC(=O)C1=C(N=C2SC(=Cc3cc(C)n(c3C)c4ccc(F)cc4)C(=O)N2C1c5cccc(OC)c5OC)c6ccccc6,0,"0,154",M
MMV008294,CCOC(=O)c1cnc2c(C)cc(C)cc2c1Nc3ccc(OC)c(OC)c3,0,"0,232",M
MMV011259,n1(n2)c(nc(C)cc1Nc(cc(C)cc3C)c3)nc2C(F)(F)F,0,"0,0857",M
MMV019406,CCC1(C)CC(CCNCc2ccccc2O)(CCO1)c3ccc(C)cc3,0,"0,142",M
MMV006278,CCC1=C(C)C(=N)c2ccccc2N1C,0,"0,378",M
MMV666688,Cc1cc(C=C2SC(=Nc3ccccc3)N(C4CCCC4)C2=O)c(C)n1c5ccc(Cl)cc5,0,"0,263",M
MMV019110,Cc1cccc(Nc2nc(N)c3ccccc3n2)c1,0,"0,4",M
MMV006427,COc1cc(OC)c(cc1Cl)N(C)C(=O)c2cc3CS(=O)(=O)c4ccccc4c3s2,1,"0,0782",M
MMV666062,Cc1ccc(cc1)N2C(=O)C3C(C2=O)C4(C(=O)C3(C(=C4c5ccccc5)c6ccccc6)c7ccccc7)c8ccccc8,0,"0,282",M
MMV020885,COc1ccc(Br)cc1C2Nc3ccc4ccccc4c3C5=C2C(=O)CC(C5)c6ccccc6,0,"0,18",M
MMV000570,CCc1ccc(Nc2cc(C)c3ccc(O)cc3n2)cc1,0,"0,194",M
MMV020439,CCn1c(CN2CCN(Cc3ccccc3)CC2)nc4cc(NC(=O)c5cccs5)ccc14,0,"0,512",M
MMV396672,C(F)(F)(F)c(cc1)ccc1C(=O)NCC(N2CCCCCC2)c(ccs3)c3,0,"0,433",M
MMV019871,Fc1ccc2[nH]c3c(NCCCN4CCOCC4)ncnc3c2c1,0,"0,345",M
MMV085583,CCCCCC(=O)N1C(C2=C(O)CC(CC2=Nc3ccccc13)c4ccc(OC)c(OC)c4)c5ccc(cc5)C(F)(F)F,0,"0,237",M
MMV008416,CCCC1=C(CC)C(=N)c2ccccc2N1C,0,"0,2425",M
MMV665874,Cc1cc(Nc2ccc(C)c(Cl)c2)n3nc(nc3n1)C(F)(F)F,0,"0,00671",M
MMV006203,Cc1cc(NCCN2CCCCC2)c3ccc4ccccc4c3n1,0,"0,3",M
MMV665977,CCOC(=O)C1=CN(CC)c2cc(N(C)CCc3ccc(OC)c(OC)c3)c(F)cc2C1=O,0,"0,205",M
MMV020549,CC1CCN(Cc2ccc(NC(=O)c3cc4ccc5cccnc5c4[nH]3)cc2)CC1,0,"0,274",M
MMV001246,CSc1ccccc1C(=O)Nc2nc(cs2)c3ccccn3,0,"0,206",M
MMV666607,[O-][N+](=O)c1ccc(C=NNc2nc3ccccc3[nH]2)cc1,0,"0,142",M
MMV665915,COc1ccc(cc1)c2nc(NC(=O)CS(=O)(=O)c3ccc(F)cc3)sc2C,0,"0,448",M
MMV007695,COc1ccc(cc1N2C(=O)C3C(C2=O)C4(C(=O)C3(C(=C4c5ccc(C)cc5)c6ccc(C)cc6)c7ccccc7)c8ccccc8)C(=O)C,0,"0,179",M
MMV000448,CN(C)CCCNc1c2ccccc2nc3ccccc13,0,"0,235",M
MMV020500,CNCCCNc1ccnc2cc(Cl)ccc12,0,"0,0822",M
MMV665878,COc1cccc(NC(=O)[C@H](C(C)C)N2C(=O)Nc3ccccc3C2=O)c1,1,"0,139",M
MMV666101,COc1ccc(cc1)C2=C(c3ccc(OC)cc3)C4(C5C(C(=O)N(C5=O)c6ccc(C)cc6)C2(C4=O)c7ccccc7)c8ccccc8,0,"0,148",M
MMV666596,CSC1=NC(=Nc2c(C)cccc2C)C3(CCC(CC3)C(C)(C)C)N1c4ccc(Cl)cc4,0,"0,135",M
MMV396679,c1(cc(c2ccc(OC)cc2)n3)n3ccnc1SCC(=O)Nc(c(Cl)ccc4C(F)(F)F)c4,0,"0,0899",M
MMV396797,n1(nc(C)c2c3ccc(OC)c(OC)c3)c2ncc(C#N)c1N,0,"0,477",M
MMV008138,c12c(CC(C(O)=O)NC1c3ccc(Cl)cc3Cl)c4c(cccc4)[nH]2,0,"0,35",M
MMV665916,COc1ccccc1CNC(=O)CCN2C(=O)Nc3ccccc3C2=O,0,"0,0726",M
MMV020788,Oc1ccccc1CNCC23CC4CC(CC(C4)C2)C3,0,"0,0226",M
MMV666691,COc1ccc(C=C2SC(=N)N(C2=O)c3ccccc3OC)cc1,0,"0,168",M
MMV665785,CC(C)(C)c1ccc(O)c(CNC2CCCCC2)c1,0,"0,161",M
MMV665831,CCOC(=O)c1c(NC(=O)c2ccccc2)sc3c(O)c(CN(CC)CC)ccc13,0,"0,205",M
MMV011099,n1(ncn2)c2nc(C)cc1Nc(ccc(cccc3)c34)c4,0,"0,242",M
MMV000642,COc1ccc(NC(=O)C2C(N(CC(C)C)C(=O)c3ccccc23)c4cccs4)cc1Cl,1,"0,0202",M
MMV666600,CCOC(=O)c1c(C)n(c2ccc(Cl)cc2)c3ccc(OC(=O)C=Cc4ccccc4)cc13,0,"0,2155",M
MMV006172,CN1CCN(CC1)c2ccc(Nc3c4ccccc4nc5ccccc35)cc2,0,"0,1415",M
MMV006309,CN(C)c1ccc(C=CC2=NC(=O)c3ccccc3O2)cc1,0,"0,0515",M
MMV006087,c(c(ccn1)NCCN(CC)CC)(ccc(Cl)c2)c12,0,"0,0581",M
MMV020492,CC1CN(CC(C)O1)C(=O)c2sc3ccccc3c2Cl,0,"0,0255",M
MMV006455,CCCN(CCC)CC(O)COc1ccccc1C(=O)Nc2ccccc2,0,"0,196",M
MMV665782,COc1ccc2nccc(C(O)C3CC4(CCN3CC4)C=C)c2c1,0,"0,0423",M
MMV665876,CCC(c1ccccc1)c2nn3c(nnc3s2)c4cccs4,0,"0,259",M
MMV666023,C(c1ccccc1)n2c(N=Nc3c(Nc4ccccc4)ccc5ccccc35)nc6ccccc26,0,"0,0368",M
MMV009063,OC(CNC1CCCCC1)Cn2c3ccccc3c4ccccc24,0,"0,293",M
MMV006558,Cc1cc(C)c2CN(Cc3ccccc3Cl)COc2c1,0,"0,268",M
MMV007160,Cc1ccc(cc1)N2C3N(c4ccccc4C2N(c5ccccc35)S(=O)(=O)c6ccc(C)cc6)S(=O)(=O)c7ccc(C)cc7,0,"0,0248",M
MMV006429,CC(C)CN1C(C(C(=O)Nc2cc(C)on2)c3ccccc3C1=O)c4cccs4,1,"0,0328",M
MMV396703,c12c(ncnc1NCCN(CC)CC)c3c(ccc(Cl)c3)[nH]2,0,"0,406",M
MMV006937,Cc1ccc(cc1)c2cc3nc4CCCCc4c(O)n3n2,0,"0,396",M
MMV085203,COc1ccccc1N=C2C(=O)c3ccccc3C(=C2N4CCCCC4)O,0,"0,0053",M
MMV665820,COc1ccc2C(=O)C=C(Oc2c1)C(Cl)(Cl)Cl,0,"0,52",M
MMV665841,CCCc1cc(O)c2C3=C(CN(C)CC3)C(=O)Oc2c1,0,"0,146",M
MMV007116,c1(cnc(c2c1O)ccc(CC)c2)C(OCC)=O,0,"0,351",M
MMV007384,COc1ccc(cc1)c2nc3cc(Cc4ccc5[nH]c(nc5c4)c6ccc(OC)cc6)ccc3[nH]2,0,"0,1765",M
MMV020548,CCN1CCN(Cc2ccc(NC(=O)c3cc4ccc5cccnc5c4[nH]3)cc2)CC1,0,"0,361",M
MMV019258,COc1ccc(c(OC)c1)n2ccnc2SCC(=O)Nc3cc(C)ccc3C,0,"0,17",M
MMV007686,CCCCCCOC(=O)C1=C(C)NC(=O)NC1c2ccccc2F,0,"0,106",M
MMV011256,n1(n2)c(nc(C)cc1Nc(cc3)ccc3Cl)nc2C(F)(F)F,0,"0,212",M
MMV666693,COc1cccc(C=CC2=NC(=O)c3ccccc3O2)c1OC,0,"0,0238",M
MMV008956,CCOc1cc2CCNC(c3cc(OC)c(O)cc3Cl)c2cc1OCC,0,"0,37",M
MMV665827,CCOC(=O)C1=CN(CC)c2cc(N3CCCCC3)c(F)cc2C1=O,0,"0,119",M
MMV001038,n1c(NCCO)c2c(cccc2)nc1Nc(ccc(C)c3C)c3,0,"0,428",M
MMV007839,C1(O)(CC(=O)c(ccc(OC)c2)c2O1)C(F)(F)C(F)(F)F,0,"0,283",M
MMV000662,COc1ccc(NC(=O)C2C(N(CC(C)C)C(=O)c3ccccc23)c4cccs4)cc1,1,"0,0367",M
MMV396678,c1(cc(c2ccccc2)n3)n3ccnc1SCC(=O)Nc(c(Cl)ccc4C(F)(F)F)c4,0,"0,218",M
MMV006861,C1CN(CCO1)c2ccc(Nc3ccnc4cc5ccccc5cc34)cc2,0,"0,251",M
MMV006457,CCOC(=O)c1ccc2nc(cc(O)c2c1)c3ccccc3,0,"0,118",M
MMV396693,[n+]1(C)c2c(cccc2)nc(ccc(NCCO)c3)c13,0,"0,296",M
MMV011567,COc1ccc(cc1Cl)C(=O)Nc2nonc2c3ccc(OC)c(OC)c3,1,"0,516",M
MMV007907,Cc1ccc(Nc2nc(cs2)c3ccccn3)cc1,0,"0,35",M
MMV665805,CCOc1ccc(cc1OCC)c2nonc2NC(=O)c3cccc(C)c3,1,"0,117",M
MMV666021,Cc1ccc(cc1)c2cc3C(=O)c4ccccc4c3nn2,0,"0,0944",M
MMV665800,CCOc1cc(Cl)c(cc1OCC)C(C)NC(=O)c2ccccc2,1,"1,37",M
MMV000634,CC1CCCCN1CCCNC(=O)c2ccc3c(c2)sc4nc(cn34)c5ccc(F)cc5,0,"0,648",M
MMV666103,CCN1C(=Nc2ccccc2C1=O)SCC(=O)Nc3cc(ccc3Cl)C(F)(F)F,0,1,M
MMV666057,Clc1ccc(C(=O)Nc2ccc(Cl)cc2C(=O)Nc3ccncc3)c(Cl)c1,0,ND,M
MMV007564,Cc1ccc(Cn2c(nc3ccccc23)N4CCC(CC4)C(=O)NCc5cccs5)cc1,0,"0,947",M
MMV001255,CCCCc1ccc(NS(=O)(=O)c2cc3CCN4C(=O)CCc(c2)c34)cc1,0,"0,538",M
MMV665917,Clc1ccc(NC(=O)N2CCN(CC2)c3ccc4nncn4n3)cc1,0,ND,M
MMV000563,COc1ccc(cc1)C2Sc3ccccc3N=C4C2=C(O)c5ccccc45,0,"0,845",M
MMV665850,Oc1ccc(Cl)cc1CNc2nc3ccccc3[nH]2,0,ND,M
MMV665817,CC(C)(C)CC(C)(C)NCC(O)COc1ccc2CCCc2c1,0,ND,M
MMV665979,FC(F)(F)c1cccc(CNC2CCN(CCc3ccccc3)CC2)c1,0,"0,685",M
MMV665928,CCC(C)NCC(O)(c1ccc(Cl)cc1)c2ccc(Cl)cc2,0,"0,642",M
MMV666105,COCCN(C(C(=O)NCc1ccc(OC)cc1)c2ccc(cc2)C(C)C)C(=O)Cc3cccs3,0,"1,19",M
MMV666072,COCCNC(=O)c1ccc(OC2CCN(Cc3ccc(F)c(F)c3)CC2)c(Cl)c1,0,ND,M
MMV000653,CCOc1ccccc1CNC(=O)C2C(N(CC(C)C)C(=O)c3ccccc23)c4cccs4,1,"1,32",M
MMV000620,CC(O)(C(CN1CCCCC1)c2ccccc2)c3ccc(Cl)cc3,0,ND,M
MMV665909,Brc1ccccc1C(=O)Nc2nc(cs2)c3ccccn3,0,"1,36",M
MMV665940,CCOc1ccc(C=CC2=NC(=O)c3ccccc3O2)cc1,0,"0,56",M
MMV665891,c1ccc(cc1)c2ccc(cc2)c3nc4ccccc4[nH]3,0,"1,07",M
MMV665899,Fc1ccccc1C(=O)N(Cc2ccc(Cl)cc2)c3ccccn3,0,ND,M
MMV665961,CCN(CC)CCCNc1nc(nc2ccccc12)c3ccc(Cl)cc3,0,ND,M
MMV665929,CCCCNCC(O)(c1ccc(Cl)cc1)c2ccc(Cl)cc2,0,"0,843",M
MMV666108,Clc1ccc(cc1)C2(CN3CCC(CC3)NC(=O)CCc4occc4)CCC2,0,"1,14",M
MMV665948,Oc1ccccc1NC(=O)c2oc(cc2)c3ccc(Cl)cc3Cl,0,ND,M
MMV006188,Clc1ccc(cc1)S(=O)(=O)N2CCC(CC2)C(=O)NCc3occc3,0,"0,8905",M
MMV001230,CCOc1cccc2sc(nc12)N(Cc3cccnc3)C(=O)C4CCCCC4,0,ND,M
MMV665918,Fc1cccc(c1)c2nnc3ccc(SCC(=O)Nc4ccc5OCOc5c4)nn23,1,ND,M
MMV665799,COc1ccc(cc1)C(=O)Nc2ccc(Cl)cc2C(=O)Nc3ccncc3,0,ND,M
MMV665826,COc1cccc(NC(=O)Cn2c(C)c(C#N)c3ccccc23)c1,1,"1,09",M
MMV665807,Oc1ccc(Cl)cc1C(=O)Nc2cccc(c2)C(F)(F)F,0,ND,M
MMV665946,CC(=CCN1CCC(CC1)C(=O)Nc2ccc(cc2)c3nc4ccccc4[nH]3)C,0,"1,16",M
MMV665935,FC(F)(F)c1ccc(Nc2nnnc3ccccc23)cc1,0,ND,M
MMV666102,CN(C)c1ccc(cc1)c2nc3cc(N)ccc3[nH]2,0,ND,M
MMV666061,COc1cccc(O)c1CN2CCC3(CCCN(Cc4ccc(F)cc4)C3)C2,0,"0,53",M
MMV008149,Cc1c(C)n(Cc2ccc(F)cc2)c3ccc(cc13)C(=O)NCc4occc4,0,ND,M
MMV019074,CCN1CCN(CC1)c2cc(C)c3cc(NC(=O)c4ccc(OC)c(OC)c4)ccc3n2,0,"1,86",M
MMV665914,COc1ccccc1N2CCN(CC2)C(CNS(=O)(=O)c3ccc(Cl)cc3)c4cccnc4,0,ND,M
MMV665798,FC(F)(F)c1cccc(Nc2nc(nc3ncccc23)c4ccccc4)c1,0,ND,M
MMV665902,OC(CN1C(=N)N(CCN2CCCCC2)c3ccccc13)c4cccc(Br)c4,0,"0,893",M
MMV665888,Oc1ccccc1NC(=O)c2ccc(Oc3cccc(c3)C(=O)Nc4ccccc4O)cc2,0,ND,M
MMV666067,COc1ccc(CNC2CCN(CC2)c3ccc(NC(=O)c4cccc(Cl)c4)cc3)cc1OC,0,"0,663",M
MMV665939,Fc1ccc(cc1)C(=O)Nc2ccsc2C(=O)NC3CCCCC3,0,ND,M
MMV009060,CCN(CC)c1ccc(NC(=O)c2cccs2)cc1,0,ND,M
MMV666110,CC(CCC(=C)C)N1CCC(CC1)N2CCC(CC2)C(=O)NCCc3ccccc3,0,"1,75",M
MMV019758,COc1ccc(cc1OC)C(=O)Nc2ccc3nc(cc(C)c3c2)N4CCCCC4,0,ND,M
MMV000498,CCN(CC)c1cc(C)c2cc(NC(=O)c3cccc(OC)c3)ccc2n1,0,ND,M
MMV665913,CCOc1ccc(cc1)c2nc(NC(=O)c3cccc(c3)S(=O)(=O)C)sc2C,0,ND,M
MMV665789,CC(NCc1ccccc1)c2cc(Cl)ccc2O,0,"0,603",M
MMV665901,Brc1ccc(cc1)c2oc(cc2)C(=O)Nc3ccc(CN4CCOCC4)cc3,0,"1,36",M
MMV666069,COc1ccc(CCN2CCC(CN(C)Cc3cnn(c3)c4ccccc4)CC2)cc1,0,"1,43",M
MMV666080,Oc1c(ccc2cccnc12)C(NC(=O)c3ccccc3)c4ccccc4,0,"1,17",M
MMV666081,CCCc1c(C)nc2ccccc2c1O,0,ND,M
MMV666009,CN1C(N(C)c2ccccc12)c3ccc4OCOc4c3,0,"0,994",M
MMV019313,CN1C(=O)c2cc(sc2c3ccccc13)C(=O)NCCCN4CCCCCC4,0,"0,669",M
MMV019746,Cc1ccc(Cl)cc1N2CCN(CCCNC(=O)C3CCN(CC3)c4nc5ccccc5[nH]4)CC2,0,"1,33",M
MMV019064,COc1cccc(c1)c2nn(C)c3sc(cc23)C(=O)NCCN4CCN(CC4)c5ccccc5F,0,"1,3",M
MMV011944,n1c(NCCO)c2c(cccc2)nc1Nc3cccc(OC)c3,0,"0,854",M
MMV665803,CCOc1cc(Cl)c(cc1OCC)C(C)NC(=O)c2cccc(OC)c2,1,"0,728",M
MMV665857,CCOc1c(Cl)cc(CNC(C)C(O)c2ccccc2)cc1OC,0,ND,M
MMV666071,Cc1oc(CN2CCC(CC2)C(=O)Nc3ccc(cc3)c4cc5ccccc5[nH]4)cc1,0,ND,M
MMV019780,Cc1cc(C)c2nc(sc2c1)N3CCC(CC3)C(=O)NCCCN4CCC(CC4)N5CCCCC5,0,"0,697",M
MMV666093,CCCC(N1CCN(CC1)C(=O)c2occc2)c3nnnn3C4CCCCC4,0,ND,M
MMV665953,Fc1ccc(NC(=O)Nc2ccc(Cl)c(Cl)c2)cc1Cl,0,"2,06",M
MMV000648,COc1ccccc1CNC(=O)C2C(N(CC(C)C)C(=O)c3ccccc23)c4cccs4,1,ND,M
MMV019662,COc1ccc(cc1)N2CCN(CC2)C(CNC(=O)C3CCCCC3)c4ccc5OCOc5c4,0,"1,11",M
MMV007571,Cc1ccc(CSCc2oc(cc2)C(=O)NC3CC3)cc1,0,"0,635",M
MMV007617,CC(C)c1ccc(Cn2c(CCNC(=O)C)nc3ccccc23)cc1,1,"1,79",M
MMV665796,CCOc1cc(Br)c(cc1OCC)C(C)NC(=O)c2cccc(OC)c2,1,"1,43",M
MMV665906,Cc1ccc(c(O)c1)c2cc([nH]n2)C(=O)Nc3ccc(cc3)S(=O)(=O)N4CCCCC4,0,"0,535",M
MMV665954,O=C(NCC1Cc2cccc(c2O1)c3ccncc3)c4csc5CCCCc45,0,"1,72",M
MMV019738,Cc1[nH]c(cc1C(=O)NC2CCN(Cc3ccccc3)CC2)c4ccc(F)cc4,0,"0,771",M
MMV666075,COc1ccc(cc1)C2N(C)c3ccccc3N2C,0,ND,M
MMV666070,FC(F)(F)c1cccc(CNC2CCN(CC2)c3ccc(cc3)C(=O)NC4CCCC4)c1,0,ND,M
MMV142383,CC(C)(C)c1ccc(cc1)C(=O)Nc2nc3ccccc3s2,0,ND,M
MMV000788,CC(C)OCc1cc(CN2CCN(CC2)c3cccc(Cl)c3)c(O)c4ncccc14,0,"0,697",M
MMV000561,CCCN(CCC)CCCNC(=O)c1cc2c(nn(C)c2s1)c3ccc(OC)c(OC)c3,0,"1,43",M
MMV000248,CCN(CC)CCN1C(=N)N(CC(O)c2ccc(Cl)c(Cl)c2)c3ccccc13,0,"0,7185",M
MMV665879,CC(C)(C)C(=O)Nc1ccc(cc1)C(=O)Nc2cccc(c2)c3nc4ccccc4[nH]3,0,ND,M
MMV665890,COc1ccc(cc1OC)c2nonc2NC(=O)c3cccc(C)c3,1,ND,M
MMV666116,Oc1ccccc1CN2CCC3(CCCN(Cc4ccccc4F)C3)C2,0,"0,548",M
MMV006913,Cc1nc2ccccc2c(O)c1CC=C,0,"1,29",M
MMV008127,CN1CCN(CC1)c2c3CCCc3c(C#N)c4nc5ccccc5n24,0,4,M
MMV403679,c1(c(cnn1c2cccc(C)c2)C(=O)N3)N=C3n4nc(C)cc4NC(=O)c5cc(cccc6)c6o5,0,"0,929",M
MMV006545,c12c(ncnc1NCCN(CC)CC)c3c(ccc(Br)c3)[nH]2,0,"0,707",M
MMV019700,Clc1cc(NC(=O)c2oc(Br)cc2)ccc1N3CCCCC3,0,"0,735",M
MMV019670,O=C(Nc1ccc(cc1)N2CCN(Cc3ccccc3)CC2)c4cccs4,0,"1,075",M
MMV001344,CC1CC(C)CN(C1)C(=O)c2ccc(Cl)cc2Cl,0,"0,7555",M
MMV011795,Oc1ccccc1CN2CCN(CC2)C(c3ccccc3)c4ccccc4,0,"0,611",M
MMV019124,COc1cc(OC)cc(c1)C(=O)Nc2ccc(cc2)c3nc4ccccc4[nH]3,0,"1,0895",M
MMV006767,COc1cc2cc(C(=O)Nc3ccccc3)c(N)nc2cc1OC,0,"0,927",M
MMV007808,COc1nc(Nc2ccc(cc2)C(C)C)nc(OC)n1,0,"1,14",M
MMV019017,n(CC(CNCCOC)O)(c1c2cc(Cl)cc1)c3c2cc(Cl)cc3,0,"1,01",M
MMV396681,n1(nc(C)cc1NC(=O)c(cccc2C(F)(F)F)c2)c3scc(c(ccc(OCO4)c45)c5)n3,0,"0,959",M
MMV006587,c12c(ncnc1NCCCN(CC3)CCO3)c4c(ccc(Cl)c4)[nH]2,0,"0,7",M
MMV019202,CCOc1cccc(c1)C(=O)Nc2ccc(cc2)c3nc4ccccc4[nH]3,0,ND,M
MMV000848,OC(CNC1CCCC1)Cn2c3ccccc3c4ccccc24,0,"0,66",M
MMV020275,Clc1ccc2nc(cc(C(=O)NC3CCN(Cc4ccccc4)CC3)c2c1)c5ccncc5,0,"1,02",M
MMV019918,Clc1cc(Br)ccc1c2oc(CNCC3CCNCC3)cc2,0,"0,8005",M
MMV075490,CCOc1ccc(cc1)C2N(C)c3ccccc3N2C,0,"0,941",M
MMV396633,c1(OCC)c(OCC)cc(cc1Cl)CN([H])C(C)C(O)c2ccccc2,0,"1,24",M
MMV007374,CCc1ccc(Nc2cc(C)nc3nc(C)nn23)cc1,0,4,M
MMV396719,n1(c2c(cccc2)n3)c3c4c(cccc4)NC1(C)c5cccc(OC)c5,1,"1,15",M
MMV396744,n1(CCc2ccccc2F)c3c(nc4c(cccc4)n3)c(C(=O)NCC(C)C)c1N,0,"0,832",M
MMV006706,n1(c2c(cccc2)n3)c3c(C#N)c(C)cc1N(CC4)CCN4C5CCCC5,0,"0,683",M
MMV009108,CCN(CC)S(=O)(=O)c1ccc(cc1)c2csc(Nc3ccc(C)c(C)c3)n2,0,"0,641",M
MMV020700,CC(=O)Nc1nnc(SCc2c(C)cc(cc2C)C(C)(C)C)s1,0,"0,871",M
MMV007906,CCCCOc1ccc(cc1)C(=O)Nc2cc(C)on2,0,ND,M
MMV008270,Oc1c2CCCCc2nc3cc(nn13)c4ccccc4,0,ND,M
MMV019127,CCN(Cc1ccccc1)C2CCN(Cc3cc(Br)ccc3O)CC2,0,"0,625",M
MMV396794,c1(Cl)c(ccc(Cl)c1)OCC(O)CNC(C)(C)CC(C)(C)C,0,"1,16",M
MMV396736,n(CC(CNCC1CCCO1)O)(c2c3cc(Cl)cc2)c4c3cc(Cl)cc4,0,"1,06",M
MMV306025,C1(=NC(N(C)C2=O)=O)C2=NC(=NN1CC)c3ccc(C(=O)OC)cc3,0,"0,693",M
MMV056726,COc1cc(SC)ccc1C(=O)N2CCCC(C)C2,0,4,M
MMV274073,c1(cc(C)nc(ccc(OC)c2)c12)Nc3ccccc3O,0,"0,686",M
MMV018984,Cc1onc(NC(=O)c2ccc(cc2)c3ccccc3)c1,0,"0,693",M
MMV000911,Cc1ccc(NC(=O)Nc2cccc(Cl)c2)cc1F,0,ND,M
MMV007430,Brc1ccc(cc1)S(=O)(=O)N2CCC(CC2)C(=O)NCc3occc3,0,"0,939",M
MMV007977,Clc1ccc(C=CC2=NC(=O)c3ccccc3O2)cc1,0,"0,995",M
MMV020654,CCC(O)c1ccc(Br)cc1NC(=O)c2cccc(Cl)c2,0,"0,6405",M
MMV665883,O=C(Nc1cccc(c1)C(=O)Nc2cccc(c2)c3nc4ccccc4[nH]3)c5occc5,0,"0,745",M
MMV084940,C1(=NC(C)(Cc(cc(OC)c(OC)c2)c23)C)C3=NNC1=O,0,"1,04",M
MMV396715,n1(c2c(cccc2)n3)c3c4c(cccc4)NC1(C)c5ccccc5,1,"1,73",M
MMV000963,n1c(NCc2ccccc2)c3c(cccc3)nc1Nc(cc4)ccc4OC,0,"0,589",M
MMV006319,Cc1cc(Nc2cccc(F)c2)nc(NCc3ccccc3)n1,0,"0,662",M
MMV000972,OC1(CC(=O)c2ccccc2O1)C(F)(F)C(F)(F)F,0,ND,M
MMV020490,Clc1ccc2nc(cc(C(=O)NC3CCN(Cc4ccccc4)CC3)c2c1)c5cccnc5,0,"1,01",M
MMV001318,Clc1cccc(NC(=O)Nc2ccc(Br)cc2)c1,0,ND,M
MMV007978,CCOc1ccc(CCNC(=O)c2cccs2)cc1OCC,0,ND,M
MMV020660,COc1ccc(cc1OC)c2nonc2NC(=O)c3cccc(Cl)c3,1,ND,M
MMV665904,COCCN1C(=Nc2ccccc2C1=O)C,0,ND,M
MMV396632,c1(OCC)c(OC)cc(cc1Cl)CN([H])CC(O)c2ccccc2,0,"1,05",M
MMV007875,COc1ccc2nc(C)cc(Nc3ccc(Cl)cc3)c2c1,0,2,M
MMV006820,CCCCc1c(C)nc2c(OC)cccc2c1O,0,4,M
MMV396749,C12(Nc(cccc3)c3c4n1c5c(cccc5)n4)C(=O)Nc(ccc(OC)c6)c26,1,"0,928",M
MMV011576,CCOC(=O)C1CCN(CC1)C(=O)CN2C(c3ccccc3C2=O)c4c[nH]c5ccccc45,0,"1,175",M
MMV020651,Clc1ccc(Cl)c(c1)c2oc(cc2)C(=O)Nc3ccc(CN4CCOCC4)cc3,0,"1,945",M
MMV000483,CCOc1cc2CCNC(c3cc(C)c(O)c(C)c3)c2cc1OCC,0,"0,683",M
MMV019266,Cc1sc2ncnc(Sc3nc4ccccc4[nH]3)c2c1C,0,"0,6145",M
MMV001049,CC(C)c1ccc(CNCC(O)c2ccccc2)cc1,0,"1,26",M
MMV665806,CC1CCCCC1NCC(O)Cn2c(C)c(C)c3ccccc23,0,"0,769",M
MMV667487,CN(C)c1ccc(cc1)N2C(=NC(=NC2(C)C)N)N,0,ND,M
MMV000356,c1(cc(Br)ccc1O)CN(CC2)CCN2Cc3cccc(F)c3,0,"1,03",M
MMV396705,c12c(C(=O)N(C)C(=O)N1C)n(Cc3cccc(OC)c3)c(Oc4ccccc4)n2,0,"1,39",M
MMV006704,CN(C)CCNc1cc(nc2ccccc12)c3ccccc3,0,4,M
MMV000760,Oc1c(CN2CCN(CC2)c3ccccc3F)cc(Br)c4cccnc14,0,ND,M
MMV007881,CCCCN(CCCC)S(=O)(=O)c1ccc(NC(=O)c2occc2)cc1,0,ND,M
MMV008212,COc1ccc2nc(C)cc(Nc3cccc(O)c3)c2c1,0,"0,969",M
MMV007363,Clc1ccc2c(ccnc2c1)N3CCCC3,0,"0,944",M
MMV007791,CCOc1ccccc1NC(=O)CN2CCN(CC2)C(=O)c3occc3,0,ND,M
MMV665843,Oc1c2CCCCc2nc3ccccc13,0,ND,M
MMV396595,n12c(cc(C(C)(C)C)n1)nc(CCN3Cc4ccccc4OCC)c(C3)c2O,0,"1,01",M
MMV396669,n1c(cc(C)nc1Nc(cc2)ccc2NC(CCc3ccccc3)=O)N4CCCC4,0,"1,07",M
MMV396704,c12c(ncnc1N(CC3)CCN3C)c4c(ccc(Cl)c4)[nH]2,0,"1,19",M
MMV019762,COc1cccc(c1)C(=O)Nc2ccc(cc2)c3nc4ccccc4[nH]3,0,ND,M
MMV020505,CN(C)CCCNCc1oc(cc1)c2ccc(F)c(Cl)c2,0,"0,8755",M
MMV020942,CCC(=O)Nc1nnc(Cc2ccc(OC)c(OC)c2)s1,0,ND,M
MMV000839,OC(CNCc1ccccc1)Cn2c3ccccc3c4ccccc24,0,"1,08",M
MMV666599,Brc1ccc(C=CC2=NC(=O)c3ccccc3O2)cc1,0,ND,M
MMV000481,CCOc1cc(cc(Cl)c1O)C2NCCc3cc(OCC)c(OCC)cc23,0,"1,33",M
MMV665897,COc1ccc2nc(N)nc(C)c2c1,0,ND,M
MMV665908,COc1ccc(cc1)N2CCN(CC2)C(CNC(=O)CC(C)(C)C)c3ccc4OCOc4c3,0,ND,M
MMV665924,COc1ccc(cc1)C(=O)C2CC2c3ccc(Cl)cc3,0,"1,06",M
MMV665944,COc1ccc(CN2CCN(Cc3ccccc3)CC2)c(O)c1,0,"1,08",M
MMV666054,COc1ccc(cc1)C(=O)NC(c2ccc(Cl)cc2Cl)c3cc(Cl)c4cccnc4c3O,0,"0,513",M
MMV008474,CCN1CCN(CC1)c2c(cnc3cc(OC)c(OC)cc23)C(=O)c4ccccc4,0,ND,M
MMV000445,CCCCCCN1C(=N)N(CC(O)COc2cccc(C)c2)c3ccccc13,0,"1,135",M
MMV006882,CCOC(=O)c1cnc2ccc(Cl)cc2c1NCCCN(C)C,0,"1,19",M
MMV007127,OC1=C2C(Sc3ccccc3N=C2c4ccccc14)c5ccc(Br)cc5,0,"0,567",M
MMV666123,CC(C)(C)c1ccc(cc1)C(=O)Nc2c3CSCc3nn2c4cccc(Cl)c4,0,ND,M
MMV006389,Fc1cccc(c1)C2Sc3ccccc3N=C4C2C(=O)c5ccccc45,0,"0,4145",M
MMV665949,Oc1ccc(cc1)C(=C(Cl)Cl)c2ccc(O)cc2,1,ND,M
MMV665934,Brc1ccc(cc1)c2cc3C(=O)c4ccccc4c3nn2,0,"1,07",M
MMV665994,Cc1nc2ccccc2c(O)c1CC=C(Cl)Cl,0,"0,8355",M
MMV665980,OC1CCCCC1C2(CCCCC2)NC(=S)Nc3ccccc3,0,ND,M
MMV007577,Cc1ccccc1OCCSc2nc3ccc(NC(=O)c4ccccc4)cc3s2,0,"1,12",M
MMV019995,Brc1ccc2OCC(=Cc2c1)C(=O)NCCCN3CCC(CC3)N4CCCCC4,0,"0,563",M
MMV007208,COc1ccc(OC)c(c1)C2C3=C(CC(C)(C)CC3=O)N(C4=C2C(=O)CC(C)(C)C4)c5ccc(Cl)c(Cl)c5,0,"0,912",M
MMV000442,CC(C)(C)c1ccc2OCN(Cc3ccc(Cl)cc3)Cc2c1,0,"0,362",M
MMV666124,CC(=O)c1ccc(NC(=O)CSc2nc(ns2)c3ccccc3Cl)cc1,1,ND,M
MMV000444,CCCCCN1C(=N)N(CC(O)COc2cccc(C)c2)c3ccccc13,0,ND,M
MMV666109,CCOC(=O)C1(Cc2ccccc2)CCN(Cc3cccc(OC)c3O)CC1,0,ND,M
MMV665936,Cc1ccc(cc1)S(=O)(=O)c2c(COC(=O)c3cccc(C)c3)c(nn2C)c4ccccc4,0,ND,M
MMV666020,Cc1ccc(OCCCCCCNCCO)c(C)c1,0,ND,M
MMV665971,CCOC(=O)C1=C(C)N=C2SC(=Cc3cc(Cl)ccc3O)C(=O)N2C1c4ccc(OC)cc4,0,"0,489",M
MMV001241,COc1ccc(C)c2sc(nc12)N(Cc3cccnc3)C(=O)c4ccc(cc4)C#N,0,,M
MMV000720,Cc1ccnc(NC(c2cccc(OCc3ccccc3)c2)c4ccc5cccnc5c4O)c1,0,"1,015",M
MMV000619,CCCCC(O)(C(CN1CCOCC1)c2ccc(Cl)cc2)c3ccc(Cl)cc3,0,"1,38",M
MMV006753,CC1=CC(=O)Oc2c1ccc3oc(C(=O)c4ccccc4)c(C)c23,0,ND,M
MMV006787,CC(C)CCNCC(O)Cn1c2ccccc2c3ccccc13,0,"0,473",M
MMV665794,FC(F)(F)c1cccc(Nc2nc3ccccc3nc2Nc4cccc(c4)C(F)(F)F)c1,0,"0,313",M
MMV000917,COc1ccc2C3CC(=Nc4ccccc4N3C(=O)c2c1OC)c5ccc(C)cc5,1,"1,24",M
MMV666125,CC1=C(CC(=O)c2cccc(c2)[N+](=O)[O-])C(=O)c3ccccc3C1=O,0,"0,381",M
MMV665987,CCCCCCc1cc(O)c2C3=C(CCC(C)C3)C(=O)Oc2c1,0,"0,534",M
MMV007574,O=C(Nc1ccc(cc1)C23CC4CC(CC(C4)(C2)c5ccccc5)C3)c6cccs6,0,"0,826",M
MMV000326,Cc1ccc2nc(C)cc(Nc3cccc(c3)C(F)(F)F)c2c1,0,"1,17",M
MMV000604,COc1ccc(cc1)C2=CC(=O)Oc3c4CN(Cc5ccc(F)cc5)COc4ccc23,0,"0,735",M
MMV007557,COc1ccc(CCNC(=O)c2cc(ccc2Sc3ccc(F)cc3)S(=O)(=O)N4CC(C)CC(C)C4)cc1OC,0,"0,632",M
MMV000699,Cc1ccc(cc1)C2CC(n3nc(cc3N2)C(=O)N4CCN(CC4)C(c5ccccc5)c6ccccc6)C(F)(F)F,0,"0,454",M
MMV009127,CC1CCN(Cc2c(O)ccc3C=C(C(=O)Oc23)c4nc5ccccc5s4)CC1,0,"1,132",M
MMV665786,Clc1ccc2OC(=O)C=C(NC3CCN(CCCc4ccccc4)CC3)c2c1,0,"0,846",M
MMV006250,CCOC(=O)c1cnc2c(C)cccc2c1Nc3ccc(cc3)C(=O)C,0,"0,314",M
MMV666079,Cc1ccc2cc3c(N)c4c(C)ccc(C)c4nc3nc2c1,0,"1,31",M
MMV665969,COc1cccc(c1)C(=O)NC(c2ccc(C)cc2)c3cc(Cl)c4cccnc4c3O,0,"0,393",M
MMV000304,CCOc1ccc(Nc2c3ccccc3nc4ccccc24)cc1,0,"1,06",M
MMV000443,CCOc1ccc2OCN(Cc3ccc(Cl)cc3)Cc2c1,0,"0,439",M
MMV666604,CCOC(=O)C1=C(C)N=C2SC(=Cc3ccccc3O)C(=O)N2C1c4ccc(OC)c5ccccc45,0,"1,51",M
MMV008455,COc1ccc(cc1)C2C(C(=O)Nc3cccc(OC)c3)c4ccccc4C(=O)N2C5CCCCC5,1,"1,18",M
MMV007199,COc1ccccc1N2C(=N)SC(=Cc3ccc(OCc4ccccc4F)cc3)C2=O,0,"0,4775",M
MMV085471,CCOc1ccc(cc1)n2cc(c3ccccc3)c4c(SCc5cc(C)ccc5C)ncnc24,0,"1,705",M
MMV665797,CCCCOC(=O)c1ccc(Nc2cc(C)nc3ccc(OC)cc23)cc1,0,"0,584",M
MMV006513,C(Cc1c[nH]c2ccccc12)Nc3c4ccccc4nc5ccccc35,0,"0,304",M
MMV666095,CCCc1c(C)nc2ccc(Br)cc2c1O,0,"1,19",M
MMV665943,Nc1ccc(cc1)c2nc3cc(Cc4ccc5[nH]c(nc5c4)c6ccc(N)cc6)ccc3[nH]2,0,"1,42",M
MMV019555,C(CCCNc1c2CCCCc2nc3ccccc13)CCNc4c5CCCCc5nc6ccccc46,0,"0,376",M
MMV019741,Cc1ccc(C)c(Cn2c(nc3ccccc23)N4CCC(CC4)C(=O)NCc5cccs5)c1,0,"1,33",M
MMV019690,COc1ccc(cc1CN2CCN(CC2)c3ccc(F)cc3)C4NCCc5c4[nH]c6ccccc56,0,"0,9345",M
MMV000621,CCCCCCC(O)(C(CN1CCOCC1)c2ccccc2)c3ccc(F)cc3,0,ND,M
MMV008173,COc1cc(OC)cc(c1)N2C(=O)N(Cc3ccc(cc3)C(C)(C)C)c4ccccc4S2(=O)=O,0,"1,43",M
MMV019241,Brc1cccc(c1)C(=O)Nc2ccc(cc2)c3nc4cc5ccccc5cc4[nH]3,0,"0,45",M
MMV665783,CCN(CC)CCCNc1ccnc2cc3ccccc3cc12,0,ND,M
MMV000787,CCCOCc1cc(CN2CCN(CC2)c3cccc(Cl)c3)c(O)c4ncccc14,0,"0,407",M
MMV666106,O=C(NC1CCCCC1)C(N(CCc2ccccc2)C(=O)c3occc3)c4cccs4,0,"1,07",M
MMV666022,COc1ccc(cc1)C(=O)NC(c2ccccc2Cl)c3cc(Cl)c4cccnc4c3O,0,"0,83",M
MMV498479,CCOC(=O)c1cnc2c(CC)cccc2c1O,0,ND,M
MMV007396,Cc1ccccc1OCCSc2nc3ccc(NC(=O)c4cccs4)cc3s2,0,"0,697",M
MMV000617,COc1ccc(cc1)C(O)(CCC(C)C)C(CN2CCOCC2)c3ccc(Cl)cc3,0,ND,M
MMV006764,CCOc1c(Br)cc(cc1OC)C2C(=CN(C)C=C2C(=O)OC)C(=O)OC,1,"0,5115",M
MMV007275,Cc1ccc(F)cc1NC(=O)c2cc(Cl)ccc2Nc3ccccc3,1,"0,539",M
MMV007273,COc1cc(cc(OC)c1O)c2nc(c3ccc(Sc4ccccc4)cc3)c([nH]2)c5ccccc5,0,"0,35",M
MMV666026,COc1ccc(cc1)c2cc3C(=O)c4ccccc4c3nn2,0,ND,M
MMV665923,FC(F)(F)c1cccc(c1)N2N=Nc3ccccc3C2=N,0,ND,M
MMV666025,OC(Cn1nnc2ccccc12)Cn3c4ccc(Br)cc4c5cc(Br)ccc35,1,"1,26",M
MMV666060,COc1ccc(CN2CCCC(C2)C(=O)c3ccc(cc3)C(F)(F)F)c(O)c1,0,ND,M
MMV666597,CCCCCCc1cc2C=C(C(=Nc3ccccc3C)Oc2cc1O)c4nc5ccccc5[nH]4,0,"0,551",M
MMV007224,Brc1ccc(Nc2nc3ccccc3nc2Nc4ccc(Br)cc4)cc1,0,"1,061",M
MMV020912,Cc1ccc(cc1NCc2cc(Cc3ccccc3)ccc2O)c4oc5ccccc5n4,0,ND,M
MMV007181,Cc1cc(Nc2ccc(OCc3ccccc3)cc2)nc4cc(O)ccc14,0,"0,684",M
MMV007113,c1ccc(cc1)C2=Nc3ccccc3N=C(c4ccccc4)c5ccccc25,0,"0,6615",M
MMV007228,Cc1cccc(c1)N2C(=O)C3C(C2=O)C4(C(=O)C3(C(=C4c5ccc6OCOc6c5)c7ccc8OCOc8c7)c9ccccc9)c%10ccccc%10,0,"0,3045",M
MMV665972,Oc1ccc2ccccc2c1C(NC(=O)Cc3ccccc3)c4ccc(Cl)cc4,0,"1,14",M
MMV073843,CN(C)c1ccc(cc1)N=Cc2ccc(cc2)N3CCOCC3,0,ND,M
MMV006303,c1(c(ccn2)NCCN(CC)CC)c2cc(cccc3)c3c1,0,"0,391",M
MMV667490,C12=C(N=CN(CCCn(ccn3)c3)C1=N)Oc4c(ccc(cccc5)c45)C2c6ccc(OC)c(OC)c6,0,"1,79",M
MMV667492,C1(N(C)N=O)=C(NC2CCCCC2)C(=O)c(cccc3)c3C1=O,0,"1,19",M
MMV019881,O=C(NC1CCN(Cc2ccccc2)CC1)c3cc(cc(c3)C(=O)NC4CCN(Cc5ccccc5)CC4)C(=O)NC6CCN(Cc7ccccc7)CC6,0,"0,646",M
MMV000478,CCOc1cc2CCNC(c3cc(Cl)ccc3O)c2cc1OCC,0,"0,746",M
MMV020403,COc1ccc(cc1)c2cn3c(C(=O)Nc4ccccc4Cl)c(c5CCCCn2c35)c6ccccc6,0,ND,M
MMV007764,CCCCC1=C(CCC)C(=N)c2ccccc2N1C,0,"0,716",M
MMV665830,CC1CC2=C(CC1CNCCCN(C)C)C(C)(C)CCC2,0,"1,005",M
MMV665886,CC(Oc1ccc(NC(=O)c2cccs2)cc1)C(=O)c3ccc(Cl)cc3,0,"1,03",M
MMV396664,c1(C(OCC)=O)c(cc(cc2)OC(=O)c(cc3OC)cc(OC)c3OC)c2n(c4ccccc4)c1C,0,"0,615",M
MMV001239,COc1ccc2sc(nc2c1)N(Cc3cccnc3)C(=O)c4ccc(cc4)C#N,0,,M
MMV667491,C12=C(N=CN(CCCN(C)C)C1=N)Oc3c(ccc(cccc4)c34)C2c5ccc(OC)cc5,0,"1,23",M
MMV006169,C(Nc1nc(Nc2ccccc2)nc3ccccc13)c4ccccc4,0,"0,776",M
MMV086103,CC1=CC(=O)Oc2c1ccc3oc(C(=O)c4ccc(C)cc4)c(C)c23,0,"0,906",M
MMV084434,COc1ccc(C=C2SC(=NC2=O)Nc3ccc(F)cc3)c(OC)c1,0,"0,591",M
MMV666692,CCCCCCc1cc2C=C(C(=O)Oc2cc1O)c3csc(C=Cc4ccccc4)n3,0,"0,387",M
MMV665836,COc1ccc(C=C2SC(=NC2=O)Nc3ccccc3)cc1,0,"0,551",M
MMV665881,COc1ccc(CNC(=O)C2=CC3=C(N=C4C=CC=CN4C3=O)N(CCc5ccccc5)C2=N)cc1,0,"1,06",M
MMV665875,CN1C(=O)N(C)c2cc(CNCCNc3ccnc4cc(Cl)ccc34)ccc12,0,"0,545",M
MMV007020,CCOc1ccc2nc(C)cc(Nc3ccc(cc3)N(C)C)c2c1,0,4,M
MMV006656,CCOC(=O)C1=CN(C)C=C(C1c2cc(Br)c(OCC)c(OC)c2)C(=O)OCC,1,"0,5185",M
MMV396726,c1(C#N)nc(Cc2cccc(cccc3)c23)oc1N(CC4)CCN4C(c5ccccc5)c6ccccc6,0,"1,16",M
MMV006522,CCOc1ccc2nc(C)cc(Nc3ccc(Br)cc3)c2c1,0,"0,48",M
MMV666686,COc1ccccc1C(=O)ON=C(N)Cc2cccc3ccccc23,0,"0,814",M
MMV007474,COc1cc2CCN(C)C3Cc4ccc(Oc5cc(CC6N(C)CCc7cc(OC)c(OC)c(Oc1cc23)c67)ccc5O)cc4,0,"1,27",M
MMV006962,Clc1ccc(cc1)C(=O)Nc2ccc(cc2)c3nc4cc(NC(=O)c5ccc(Cl)cc5)ccc4[nH]3,0,ND,M
MMV665813,CCOC(=O)c1cnc2ccc(OC)cc2c1NCc3ccccc3,0,,M
MMV080034,n1c(N)c2c(cccc2)nc1Nc3cccc(F)c3,0,1,M
MMV019199,COc1cccc(Nc2nc(N)c3ccccc3n2)c1,0,4,M
MMV396652,c1(C(c2cccs2)N(CCN3c4ccccc4)CC3)c(C)c(C)sc1NC(c5ccccc5)=O,0,"1,18",M
MMV000704,c1(Nc(cc2)ccc2N(CC3)CCN3C)c4c(ccc(OC)c4)ncc1C(OCC)=O,0,"1,1",M
MMV396635,n12c(nc(c3ccc(Cl)s3)cc1C(F)(F)F)cc(C(=O)NC(CC4)CCN4Cc5ccccc5)n2,0,"0,959",M
MMV000986,c1(N(CC2)CCN2C)c3c(nc(Nc(ccc4O)cc4)n1)cccc3,0,"1,43",M
MMV008160,CN1C=C(C(c2ccccc12)c3c[nH]c4ccccc34)c5ccc6ccccc6n5,0,"0,552",M
MMV000753,Oc1ccc(cc1)c2nc(c3ccc4oc5ccc(cc5c4c3)c6[nH]c(nc6c7ccccc7)c8ccc(O)cc8)c([nH]2)c9ccccc9,0,"0,326",M
MMV011436,CC(C)(C)c1ccc(cc1)C2CC(=C3C(N(C(=O)c4ccccc4Cl)c5ccccc5N=C3C2)c6ccc(F)cc6)O,0,"0,9465",M
MMV665882,OC(CNC1CCCCC1)Cn2c3ccc(I)cc3c4cc(I)ccc24,0,"0,466",M
MMV665809,Oc1ccc(Br)cc1CN2CCN(Cc3ccc(Cl)cc3)CC2,0,ND,M
MMV665810,O=C(Nc1cccc(c1)C2=NCCN2)Nc3cccc(c3)C4=NCCN4,0,"1,01",M
MMV665927,ClCC(=O)NCCOc1ccc(Cl)cc1Cl,0,"0,555",M
MMV667486,CCOc1ccc(cc1)N2C(=NC(=NC2(C)C)N)N,0,ND,M
MMV667488,C12=C(C=C(C(=O)NCc(cccn3)c3)C(=N)N1CCc(cc4)ccc4OC)C(=O)N(C=CC=C5C)C5=N2,0,"0,373",M
MMV006825,n1c(Nc(cc2)ccc2OC)cc(C)nc1NCc3ccccc3,0,"0,467",M
MMV009085,OCCCCN1C(=O)c2ccc3C(=O)N(CCCCO)C(=O)c4ccc(C1=O)c2c34,0,"0,795",M
MMV007591,COc1ccc(cc1)C(=O)C(CCC(CNC(C)(C)C)C(=O)c2ccc(OC)cc2)CNC(C)(C)C,0,ND,M
MMV128432,COc1cc(CNCCc2ccc(Cl)cc2)cc(OC)c1O,0,"1,79",M
MMV665852,Clc1ccc(NC(=O)Nc2ccc(Cl)c(Cl)c2)cc1Cl,0,"1,16",M
MMV396717,c([nH]nc1c2c(O)cc(C)c(Cl)c2)(C3=O)c1C(c4ccccc4F)N3CCc(cc5)ccc5OC,0,"0,916",M
MMV638723,N1(C=CC(N)=NC1=O)C2O[C@@H]([C@@H](O)[C@H]2O)CO,0,"0,385",M
MMV396594,c12c(nc(c3ccc(OC)cc3)nc1N4CCN(C(=O)C5CCCCC5)CC4)sc(CCCC6)c26,0,"1,06",M
MMV396665,c1(sc(cc2c(c3CC2)c4ccc3)c4n1)NC(=O)c(cc5OC)cc(OC)c5OC,0,"0,898",M
MMV396723,N1(CC(=O)c(ccc(Cl)c2Cl)c2)c3c(cccc3)N(CCN4CCCCC4)C1=N,0,"1,24",M
MMV007654,Cc1ccc(C)c(c1)c2csc(Nc3ccc(C)c(C)c3)n2,0,ND,M
MMV011832,Oc1ccc2ccccc2c1CNc3nc4ccccc4[nH]3,0,"0,646",M
MMV020750,COc1cc(cc(OC)c1O)c2nc(c3ccccc3)c([nH]2)c4ccccc4,0,"1,18",M
MMV007092,CCOc1ccc(CN2CCN(CC(O)COc3ccc(OCC(O)CN4CCN(Cc5ccc(OCC)cc5)CC4)cc3)CC2)cc1,0,"1,2",M
MMV665898,COc1cc(cc(OC)c1OC)C(=O)Nc2ccc(cc2)c3nc4ccccc4[nH]3,0,"1,22",M
MMV665864,CCCCNc1nc(NC(C)(C)C)nc(NC(C)(C)C)n1,0,"0,706",M
MMV665814,Oc1c(ccc2cccnc12)C(Nc3ccccn3)c4cccc(Oc5ccccc5)c4,0,"1,01",M
MMV007285,CCOc1ccc(Nc2ccnc3cc(Cl)ccc23)cc1,0,4,M
MMV396663,c1(C(c(cccn2)c2)N3CCC(CC3)Cc4ccccc4)c(C)c(C)sc1NC(=O)c5ccco5,0,"1,02",M
MMV007041,Cc1ccc2c(C)nc(Nc3nc(C)cc(n3)c4ccccc4)nc2c1,0,4,M
MMV000340,CCN1C2=C(CCC2)C(=N)C3=C1CCCC3,0,"0,6945",M
MMV666687,COc1cc(cc(OC)c1OC)C(=O)ON=C(N)Cc2cccc3ccccc23,0,"0,782",M
MMV645672,C12=C(c3c(cccc3)C1=O)Nc4c(cccc4)SC2c5ccccc5,0,"0,89",M
MMV011438,COC(=O)c1ccc(cc1)C2N(C(=O)c3ccccc3)c4ccccc4N=C5CC(CC(=C25)O)c6ccc(F)cc6,0,"0,3265",M
MMV665840,Clc1ccc(cc1Cl)C(=O)Nc2ccc(cc2)c3nc4ccccc4[nH]3,0,"0,838",M
MMV665894,CC(=O)c1sc(NC(=O)Nc2ccc(C)cc2C)nc1C,0,"0,536",M
MMV011522,Cc1ccc(Nc2nc(N)c3ccccc3n2)cc1Cl,0,4,M
MMV020243,n1c(N(C)C)cc(C)nc1Nc(cc2)ccc2NC(=O)Nc3ccccc3,0,"1,15",M
MMV667489,N1C(c2cccc(cccc3)c23)C(CC=C4)C4c5c1c(Cl)ccc5C(OC)=O,0,"0,939",M
MMV396770,c(n1)(nc(NNC(=O)c(cc2)ccc2)cc1N(CCC3)C3)N(C4)CCC4,0,"1,33",M
MMV009015,OC(COc1ccccc1C(=O)CCc2ccccc2)CN3CCCCC3,0,"0,6765",M
MMV008829,CCCN1C(=N)C(=CC2=C1N=C3N(C=CC=C3C)C2=O)C(=O)NC4CCCCC4,0,"1,109",M
MMV011895,Nc1ccc(cc1)c2nc3cc(Oc4ccc(Oc5ccc6[nH]c(nc6c5)c7ccc(N)cc7)cc4)ccc3[nH]2,0,"0,842",M
MMV666689,COc1ccc(Nc2nc(NN=Cc3ccc(O)cc3)nc(Nc4ccc(cc4)[N+](=O)[O-])n2)cc1,0,"0,532",M
MMV665824,Cn1c(nc2ccccc12)C(=O)c3cccc4ccccc34,0,ND,M
MMV665812,CCc1ccc(CNCC(O)c2ccccc2)cc1,0,ND,M
MMV001041,OCCNc1nc(Nc2ccc(Cl)c(Cl)c2)nc3ccccc13,0,"0,59",M
BTB05965,,0,,Maybridge
BTB10004,,0,,Maybridge
BTB11460,,0,,Maybridge
CD07424,,0,,Maybridge
GK00018,,0,,Maybridge
HTS04222,,0,,Maybridge
HTS04903,,0,,Maybridge
HTS08683,,0,,Maybridge
HTS12704,,0,,Maybridge
HTS13895,,0,,Maybridge
JFD02381,,0,,Maybridge
KM08910,,0,,Maybridge
KM09116,,0,,Maybridge
KM11054,,0,,Maybridge
NRB00250,,0,,Maybridge
S08837,,0,,Maybridge
SEW05657,,0,,Maybridge
SPB02821,,0,,Maybridge
KAE609 NITD609,,,,
KAE246 NITD246,,,,
KAE678 NITD678,,,,
NITD139,C[C@@H](C1)N[C@@]2(C(NC3=C2C=C(Cl)C=C3)=O)C4=C1C5=CC(F)=C(Cl)C=C5N4,1,"0,00044",Lit
NITD247,C[C@@H](C1)N[C@@]2(C(NC3=C2C=C(Cl)C=C3)=O)C4=C1C5=CC(F)=C(F)C=C5N4,1,,Lit
NITD138,C[C@@H](CC1)N[C@@]2(C(NC3=C2C=C(Cl)C=C3)=O)C4=C1C5=CC=CC=C5N4,1,"0,022",Lit
(+)-SJ733,,1,,Lit
(-)-SJ733,,0.5,,Lit
SJ311,,0.5,,Lit
SJ247,O=C1C2=CC=CC=C2[C@H](C(NC3=CC(C#N)=C(F)C=C3)=O)[C@@H](C4=CN=CC=C4)N1CC(F)(F)F,1,"0,03",Lit
SJ279,O=C1C2=CC=CC=C2[C@@H](C(NC3=CC(C#N)=C(F)C=C3)=O)[C@H](C4=CN=CC=C4)N1CC(F)(F)F,0.5,"0,93",Lit
GNF-Pf4492,,,"0,02",Lit
MMV772,,,"0,05",Lit
PA21A092,,,"0,04",Lit
PA21A050,O=C(NC1=CC=C(F)C=C1F)NC2=C(C3=CC=C(Br)C=C3)C(C(F)(F)F)=NN2C,1,"0,184",Lit
,,1,,Lit
,,1,"0,013",Lit
,,1,"0,0007",Lit
